{
  "id": "89f1bd90-295d-4f7f-9a9e-257958e3e907",
  "generation": 1,
  "iteration": 11,
  "current_iteration": 70,
  "metrics": {
    "validity": 1.0,
    "sum_radii": 2.3354301387057266,
    "target_ratio": 0.8863112480856649,
    "combined_score": 0.8863112480856649,
    "eval_time": 347.34535026550293
  },
  "language": "python",
  "timestamp": 1777122174.6283932,
  "saved_at": 1777138557.3672295
}