{
  "num_islands": 2,
  "current_island": 1,
  "iteration_count": 9,
  "global_best_score": 0.5802540698161585,
  "decay": 0.9,
  "intensity_min": 0.15,
  "intensity_max": 0.5,
  "migration_interval": 15,
  "diversity_strategy_type": "code",
  "use_unified_archive": true,
  "use_adaptive_search": true,
  "use_ucb_selection": true,
  "fixed_intensity": 0.4,
  "adapter": {
    "states": [
      {
        "accumulated_signal": 0.09999999999999998,
        "best_score": 0.36423689449571406,
        "improvement_count": 1,
        "total_evaluations": 5,
        "decay": 0.9,
        "epsilon": 1e-08,
        "intensity_min": 0.15,
        "intensity_max": 0.5
      },
      {
        "accumulated_signal": 0.1251729401369036,
        "best_score": 0.5802540698161585,
        "improvement_count": 1,
        "total_evaluations": 5,
        "decay": 0.9,
        "epsilon": 1e-08,
        "intensity_min": 0.15,
        "intensity_max": 0.5
      }
    ],
    "dimension_visits": [
      5,
      5
    ],
    "dimension_rewards": [
      0.6561000000000001,
      0.38911177582064943
    ],
    "decayed_visits": [
      4.0951,
      4.0951
    ],
    "global_best_score": 0.5802540698161585,
    "ucb_exploration": 1.41,
    "min_visits": 3,
    "decay": 0.9,
    "epsilon": 1e-08
  },
  "island_config_names": [
    "balanced",
    "balanced"
  ],
  "islands": [
    [
      "baf51641-dcab-4a25-a7ea-595be3b853a9",
      "648b065c-cb53-4001-bce1-eab0a7881cde",
      "fa5e36c2-f2a4-410c-b50c-1301da8ecfc4",
      "ca66e167-98e4-4979-8664-6581d5806e61",
      "4f532e34-5ed9-4742-8525-a49429ec8b4d"
    ],
    [
      "12823a9d-1304-479a-a8a8-08fbf2e42c2c",
      "9248f7c3-3fc7-4570-b497-3d57be61a22c",
      "0d26cc1e-aa0a-48a0-b198-76205511327c",
      "d7d3abbd-409a-4626-8cd5-0e46bba4bee8",
      "86e64206-dcea-4236-bd08-25c904662158",
      "f5205103-e0ee-4694-80cb-61317438da0a"
    ]
  ],
  "archive_genealogies": [
    {
      "parents": {
        "baf51641-dcab-4a25-a7ea-595be3b853a9": [],
        "648b065c-cb53-4001-bce1-eab0a7881cde": [
          "baf51641-dcab-4a25-a7ea-595be3b853a9"
        ],
        "fa5e36c2-f2a4-410c-b50c-1301da8ecfc4": [
          "baf51641-dcab-4a25-a7ea-595be3b853a9"
        ],
        "ca66e167-98e4-4979-8664-6581d5806e61": [
          "fa5e36c2-f2a4-410c-b50c-1301da8ecfc4"
        ],
        "4f532e34-5ed9-4742-8525-a49429ec8b4d": [
          "fa5e36c2-f2a4-410c-b50c-1301da8ecfc4"
        ]
      },
      "children": {
        "baf51641-dcab-4a25-a7ea-595be3b853a9": [
          "648b065c-cb53-4001-bce1-eab0a7881cde",
          "fa5e36c2-f2a4-410c-b50c-1301da8ecfc4"
        ],
        "fa5e36c2-f2a4-410c-b50c-1301da8ecfc4": [
          "ca66e167-98e4-4979-8664-6581d5806e61",
          "4f532e34-5ed9-4742-8525-a49429ec8b4d"
        ]
      }
    },
    {
      "parents": {
        "12823a9d-1304-479a-a8a8-08fbf2e42c2c": [],
        "9248f7c3-3fc7-4570-b497-3d57be61a22c": [
          "12823a9d-1304-479a-a8a8-08fbf2e42c2c"
        ],
        "0d26cc1e-aa0a-48a0-b198-76205511327c": [
          "9248f7c3-3fc7-4570-b497-3d57be61a22c"
        ],
        "d7d3abbd-409a-4626-8cd5-0e46bba4bee8": [
          "9248f7c3-3fc7-4570-b497-3d57be61a22c"
        ],
        "86e64206-dcea-4236-bd08-25c904662158": [
          "9248f7c3-3fc7-4570-b497-3d57be61a22c"
        ],
        "f5205103-e0ee-4694-80cb-61317438da0a": [
          "0d26cc1e-aa0a-48a0-b198-76205511327c"
        ]
      },
      "children": {
        "12823a9d-1304-479a-a8a8-08fbf2e42c2c": [
          "9248f7c3-3fc7-4570-b497-3d57be61a22c"
        ],
        "9248f7c3-3fc7-4570-b497-3d57be61a22c": [
          "0d26cc1e-aa0a-48a0-b198-76205511327c",
          "d7d3abbd-409a-4626-8cd5-0e46bba4bee8",
          "86e64206-dcea-4236-bd08-25c904662158"
        ],
        "0d26cc1e-aa0a-48a0-b198-76205511327c": [
          "f5205103-e0ee-4694-80cb-61317438da0a"
        ]
      }
    }
  ],
  "use_dynamic_islands": true,
  "max_islands": 5,
  "last_spawn_iteration": -30,
  "use_paradigm_breakthrough": true,
  "paradigm_tracker": {
    "window_size": 10,
    "improvement_threshold": 0.12,
    "max_paradigm_uses": 2,
    "max_tried_paradigms": 10,
    "num_paradigms_to_generate": 3,
    "improvement_history": [
      1.0,
      0.0,
      1.0,
      0.0,
      0.0,
      0.0,
      0.0,
      0.0,
      0.0,
      0.0
    ],
    "active_paradigms": [],
    "paradigm_usage_counts": {},
    "current_paradigm_index": 0,
    "tried_paradigms": [],
    "best_score_at_paradigm_gen": 0.0,
    "best_score_during_paradigm": 0.0
  }
}