{
  "id": "c6d0b913-1933-4792-b462-21340a8f9643",
  "generation": 4,
  "iteration": 40,
  "current_iteration": 40,
  "metrics": {
    "validity": 1.0,
    "sum_radii": 1.6139982643030137,
    "target_ratio": 0.6125230604565518,
    "combined_score": 0.6125230604565518,
    "eval_time": 29.04117488861084
  },
  "language": "python",
  "timestamp": 1776098611.2565594,
  "saved_at": 1776098611.3086932
}