{
  "id": "38f263cb-119e-430f-a349-30b0acd527dc",
  "generation": 0,
  "iteration": 54,
  "current_iteration": 60,
  "metrics": {
    "validity": 1.0,
    "sum_radii": 2.609079946264747,
    "target_ratio": 0.9901631674629021,
    "combined_score": 0.9901631674629021,
    "eval_time": 30.214147329330444
  },
  "language": "python",
  "timestamp": 1777276042.3557107,
  "saved_at": 1777276990.3529167
}