{
  "id": "084f95ee-d0c4-4eb7-9610-0ff66e7cdf56",
  "generation": 2,
  "iteration": 32,
  "current_iteration": 40,
  "metrics": {
    "validity": 1.0,
    "sum_radii": 1.9789132991655645,
    "target_ratio": 0.7510107397212769,
    "combined_score": 0.7510107397212769,
    "eval_time": 4.937824010848999
  },
  "language": "python",
  "timestamp": 1777264269.7208045,
  "saved_at": 1777265921.1207607
}