{
  "id": "367cf080-8c89-419f-9444-19b6a27df8b0",
  "generation": 0,
  "iteration": 18,
  "current_iteration": 20,
  "metrics": {
    "validity": 1.0,
    "sum_radii": 2.4352006547190124,
    "target_ratio": 0.924174821525242,
    "combined_score": 0.924174821525242,
    "eval_time": 21.62609338760376
  },
  "language": "python",
  "timestamp": 1776965273.2240577,
  "saved_at": 1776965380.8164568
}