{
  "id": "942f9af4-dc8d-4c99-9666-15d3bb9cb514",
  "generation": 0,
  "iteration": 90,
  "current_iteration": 90,
  "metrics": {
    "validity": 1.0,
    "sum_radii": 2.610134755792754,
    "target_ratio": 0.9905634746841573,
    "combined_score": 0.9905634746841573,
    "eval_time": 57.96991777420044
  },
  "language": "python",
  "timestamp": 1777230606.1041777,
  "saved_at": 1777230606.1183138
}