{
  "id": "6469faec-ddc6-4bd1-acab-f60c74122f4a",
  "generation": 0,
  "iteration": 20,
  "current_iteration": 20,
  "metrics": {
    "validity": 1.0,
    "sum_radii": 2.140604999036919,
    "target_ratio": 0.8123738136762502,
    "combined_score": 0.8123738136762502,
    "eval_time": 24.400377988815308
  },
  "language": "python",
  "timestamp": 1776861264.7328665,
  "saved_at": 1776861264.745763
}