{
  "id": "ff88e748-47a6-465a-b832-76125a43db54",
  "generation": 7,
  "iteration": 52,
  "current_iteration": 90,
  "metrics": {
    "validity": 1.0,
    "sum_radii": 2.426747325684584,
    "target_ratio": 0.9209667270150225,
    "combined_score": 0.9209667270150225,
    "eval_time": 245.69576978683472
  },
  "language": "python",
  "timestamp": 1776102290.6721685,
  "saved_at": 1776119049.3249385
}