{
  "id": "9ddb0570-dc8f-4d17-a0c0-1b888e4e2831",
  "generation": 0,
  "iteration": 60,
  "current_iteration": 60,
  "metrics": {
    "validity": 1.0,
    "sum_radii": 2.4487950340455313,
    "target_ratio": 0.9293339787649076,
    "combined_score": 0.9293339787649076,
    "eval_time": 52.004523038864136
  },
  "language": "python",
  "timestamp": 1776424524.5451777,
  "saved_at": 1776424524.5658405
}