{
  "id": "33ccad04-ff91-48fb-b540-2afe6d460cd8",
  "generation": 0,
  "iteration": 45,
  "current_iteration": 50,
  "metrics": {
    "validity": 1.0,
    "sum_radii": 2.2510917847821617,
    "target_ratio": 0.8543042826497768,
    "combined_score": 0.8543042826497768,
    "eval_time": 0.1398918628692627
  },
  "language": "python",
  "timestamp": 1776418591.6879826,
  "saved_at": 1776418685.669329
}