{
  "id": "72e5dde1-29a3-4e84-a8ba-dbf1ab8b3838",
  "generation": 0,
  "iteration": 99,
  "timestamp": 1776901766.131313,
  "parent_id": "0f9c6e31-d17e-49f4-9213-b9fc1fd03340",
  "metrics": {
    "validity": 1.0,
    "sum_radii": 2.2922557355607363,
    "target_ratio": 0.8699262753551182,
    "combined_score": 0.8699262753551182,
    "eval_time": 250.19448900222778,
    "test_validity": 1.0,
    "test_sum_radii": 2.2922557355607363,
    "test_target_ratio": 0.8699262753551182,
    "test_combined_score": 0.8699262753551182,
    "test_eval_time": 250.89938712120056
  },
  "language": "python",
  "saved_at": 1776902269.0630195
}