{
  "num_islands": 2,
  "current_island": 1,
  "iteration_count": 29,
  "global_best_score": 0.9945048899081922,
  "decay": 0.9,
  "intensity_min": 0.15,
  "intensity_max": 0.5,
  "migration_interval": 15,
  "diversity_strategy_type": "code",
  "use_unified_archive": true,
  "use_adaptive_search": true,
  "use_ucb_selection": true,
  "fixed_intensity": 0.4,
  "adapter": {
    "states": [
      {
        "accumulated_signal": 0.13872776431000564,
        "best_score": 0.9944402426727061,
        "improvement_count": 5,
        "total_evaluations": 18,
        "decay": 0.9,
        "epsilon": 1e-08,
        "intensity_min": 0.15,
        "intensity_max": 0.5
      },
      {
        "accumulated_signal": 0.1248901899017772,
        "best_score": 0.9945048899081922,
        "improvement_count": 5,
        "total_evaluations": 18,
        "decay": 0.9,
        "epsilon": 1e-08,
        "intensity_min": 0.15,
        "intensity_max": 0.5
      }
    ],
    "dimension_visits": [
      18,
      18
    ],
    "dimension_rewards": [
      0.3948831459614825,
      0.14479133929817267
    ],
    "decayed_visits": [
      8.49905364703001,
      8.49905364703001
    ],
    "global_best_score": 0.9945048899081922,
    "ucb_exploration": 1.41,
    "min_visits": 3,
    "decay": 0.9,
    "epsilon": 1e-08
  },
  "island_config_names": [
    "balanced",
    "balanced"
  ],
  "islands": [
    [
      "36a4d94f-3a98-4d2d-887d-ceef5ffe3f42",
      "ee96c4ec-9efb-4521-9299-6e03ec62af01",
      "79a7a736-ffe8-4bed-b34f-f1e051cb8dbf",
      "33f4cc52-b808-47e1-81b8-6b1fe3408c20",
      "2ae7f868-e7d6-4c50-87f4-b4976645f91f",
      "17f4a6ef-f33e-489e-b41f-1940fe86b566",
      "13c7a896-6c6b-4bd1-bc91-d4390b681ea0",
      "e858401c-ef98-4b51-bd09-c150f716d036",
      "8b9a49e9-ae72-49c9-ba6d-ca3f1ee628df",
      "6d5ddcd8-5eeb-4258-8b17-bdbc8a63dc7b",
      "4714ced3-5f8e-482c-a181-0d448f835e1c",
      "b678dfdf-05dd-4736-a573-c8a410cac017",
      "d5ec2f6e-a8ef-410c-a051-925aa7585033",
      "6bbcc306-b105-4ca1-9385-92b120359072",
      "bdda5630-8898-419a-9013-0d43aae7b52d",
      "c501a5c9-80d9-4cdc-b008-c1e00b648d06",
      "924bccd2-ada5-4174-9fb9-1913aff42c38",
      "b8556b65-862f-4713-a3b0-d69f75944491",
      "79b26c32-c115-41d9-92cc-ea70dc2d421b",
      "9d3e1ac1-9d51-43cb-bbbb-9fc61f51cf05"
    ],
    [
      "5861b323-e340-439e-8996-e6c9b4f90da2",
      "9715d9f9-fb4f-43a1-b855-84ee30cddd1b",
      "77aa9d9d-7c77-46c3-99a1-a1f4e4b4abc5",
      "4b43dbb4-2243-4b5d-bbef-afd08d640bb9",
      "44f92a9e-c9fe-46bd-9594-3a031430b1a7",
      "c261c32c-a771-4e9e-99cb-dc8bdac18d69",
      "97f94a32-96ef-40dd-84f7-95ef319a8cbf",
      "0be0d3f7-dcdf-4b62-a34f-f844c15c7b53",
      "216b4f0b-120e-4e5e-b5ec-8b1d0ee6336d",
      "4abd6993-5e50-4b39-ba3e-1e30258d78e0",
      "81a20311-aa4c-40a8-a760-af22a58ad661",
      "17168ab7-83dc-4414-9613-427d73480c81",
      "5f8c26ae-89d2-4108-89ea-9bbe2f3ce827",
      "77253702-cfbf-4ce3-b238-30e6384581ae",
      "e5d38ff3-55d9-4187-9355-375352c0fad1",
      "ba018458-a3fd-4412-836d-f946965cf0fb",
      "93c6d8c3-2f2a-4b74-a402-a7f722369cb8",
      "78143fae-f475-4e46-9bee-33f2342a821d",
      "0bdbcba6-e281-4360-9074-fd56fb16623c"
    ]
  ],
  "archive_genealogies": [
    {
      "parents": {
        "36a4d94f-3a98-4d2d-887d-ceef5ffe3f42": [],
        "ee96c4ec-9efb-4521-9299-6e03ec62af01": [
          "36a4d94f-3a98-4d2d-887d-ceef5ffe3f42"
        ],
        "79a7a736-ffe8-4bed-b34f-f1e051cb8dbf": [
          "ee96c4ec-9efb-4521-9299-6e03ec62af01"
        ],
        "33f4cc52-b808-47e1-81b8-6b1fe3408c20": [
          "36a4d94f-3a98-4d2d-887d-ceef5ffe3f42"
        ],
        "2ae7f868-e7d6-4c50-87f4-b4976645f91f": [
          "33f4cc52-b808-47e1-81b8-6b1fe3408c20"
        ],
        "17f4a6ef-f33e-489e-b41f-1940fe86b566": [
          "ee96c4ec-9efb-4521-9299-6e03ec62af01"
        ],
        "13c7a896-6c6b-4bd1-bc91-d4390b681ea0": [
          "79a7a736-ffe8-4bed-b34f-f1e051cb8dbf"
        ],
        "e858401c-ef98-4b51-bd09-c150f716d036": [
          "17f4a6ef-f33e-489e-b41f-1940fe86b566"
        ],
        "8b9a49e9-ae72-49c9-ba6d-ca3f1ee628df": [
          "e858401c-ef98-4b51-bd09-c150f716d036"
        ],
        "6d5ddcd8-5eeb-4258-8b17-bdbc8a63dc7b": [
          "e858401c-ef98-4b51-bd09-c150f716d036"
        ],
        "4714ced3-5f8e-482c-a181-0d448f835e1c": [
          "c261c32c-a771-4e9e-99cb-dc8bdac18d69"
        ],
        "b678dfdf-05dd-4736-a573-c8a410cac017": [
          "77aa9d9d-7c77-46c3-99a1-a1f4e4b4abc5"
        ],
        "d5ec2f6e-a8ef-410c-a051-925aa7585033": [
          "2ae7f868-e7d6-4c50-87f4-b4976645f91f"
        ],
        "6bbcc306-b105-4ca1-9385-92b120359072": [
          "e858401c-ef98-4b51-bd09-c150f716d036"
        ],
        "bdda5630-8898-419a-9013-0d43aae7b52d": [
          "e858401c-ef98-4b51-bd09-c150f716d036"
        ],
        "c501a5c9-80d9-4cdc-b008-c1e00b648d06": [
          "e858401c-ef98-4b51-bd09-c150f716d036"
        ],
        "924bccd2-ada5-4174-9fb9-1913aff42c38": [
          "e858401c-ef98-4b51-bd09-c150f716d036"
        ],
        "b8556b65-862f-4713-a3b0-d69f75944491": [
          "e858401c-ef98-4b51-bd09-c150f716d036"
        ],
        "79b26c32-c115-41d9-92cc-ea70dc2d421b": [
          "b8556b65-862f-4713-a3b0-d69f75944491"
        ],
        "9d3e1ac1-9d51-43cb-bbbb-9fc61f51cf05": [
          "78143fae-f475-4e46-9bee-33f2342a821d"
        ]
      },
      "children": {
        "36a4d94f-3a98-4d2d-887d-ceef5ffe3f42": [
          "ee96c4ec-9efb-4521-9299-6e03ec62af01",
          "33f4cc52-b808-47e1-81b8-6b1fe3408c20"
        ],
        "ee96c4ec-9efb-4521-9299-6e03ec62af01": [
          "79a7a736-ffe8-4bed-b34f-f1e051cb8dbf",
          "17f4a6ef-f33e-489e-b41f-1940fe86b566"
        ],
        "33f4cc52-b808-47e1-81b8-6b1fe3408c20": [
          "2ae7f868-e7d6-4c50-87f4-b4976645f91f"
        ],
        "79a7a736-ffe8-4bed-b34f-f1e051cb8dbf": [
          "13c7a896-6c6b-4bd1-bc91-d4390b681ea0"
        ],
        "17f4a6ef-f33e-489e-b41f-1940fe86b566": [
          "e858401c-ef98-4b51-bd09-c150f716d036"
        ],
        "e858401c-ef98-4b51-bd09-c150f716d036": [
          "8b9a49e9-ae72-49c9-ba6d-ca3f1ee628df",
          "6d5ddcd8-5eeb-4258-8b17-bdbc8a63dc7b",
          "6bbcc306-b105-4ca1-9385-92b120359072",
          "bdda5630-8898-419a-9013-0d43aae7b52d",
          "c501a5c9-80d9-4cdc-b008-c1e00b648d06",
          "924bccd2-ada5-4174-9fb9-1913aff42c38",
          "b8556b65-862f-4713-a3b0-d69f75944491"
        ],
        "c261c32c-a771-4e9e-99cb-dc8bdac18d69": [
          "4714ced3-5f8e-482c-a181-0d448f835e1c"
        ],
        "77aa9d9d-7c77-46c3-99a1-a1f4e4b4abc5": [
          "b678dfdf-05dd-4736-a573-c8a410cac017"
        ],
        "2ae7f868-e7d6-4c50-87f4-b4976645f91f": [
          "d5ec2f6e-a8ef-410c-a051-925aa7585033"
        ],
        "b8556b65-862f-4713-a3b0-d69f75944491": [
          "79b26c32-c115-41d9-92cc-ea70dc2d421b"
        ],
        "78143fae-f475-4e46-9bee-33f2342a821d": [
          "9d3e1ac1-9d51-43cb-bbbb-9fc61f51cf05"
        ]
      }
    },
    {
      "parents": {
        "5861b323-e340-439e-8996-e6c9b4f90da2": [],
        "9715d9f9-fb4f-43a1-b855-84ee30cddd1b": [
          "5861b323-e340-439e-8996-e6c9b4f90da2"
        ],
        "77aa9d9d-7c77-46c3-99a1-a1f4e4b4abc5": [
          "9715d9f9-fb4f-43a1-b855-84ee30cddd1b"
        ],
        "4b43dbb4-2243-4b5d-bbef-afd08d640bb9": [
          "77aa9d9d-7c77-46c3-99a1-a1f4e4b4abc5"
        ],
        "44f92a9e-c9fe-46bd-9594-3a031430b1a7": [
          "4b43dbb4-2243-4b5d-bbef-afd08d640bb9"
        ],
        "c261c32c-a771-4e9e-99cb-dc8bdac18d69": [
          "77aa9d9d-7c77-46c3-99a1-a1f4e4b4abc5"
        ],
        "97f94a32-96ef-40dd-84f7-95ef319a8cbf": [
          "c261c32c-a771-4e9e-99cb-dc8bdac18d69"
        ],
        "0be0d3f7-dcdf-4b62-a34f-f844c15c7b53": [
          "e858401c-ef98-4b51-bd09-c150f716d036"
        ],