{
  "id": "78143fae-f475-4e46-9bee-33f2342a821d",
  "generation": 5,
  "iteration": 28,
  "timestamp": 1777553318.9322102,
  "parent_id": "b8556b65-862f-4713-a3b0-d69f75944491",
  "metrics": {
    "validity": 1.0,
    "sum_radii": 2.6205203849080863,
    "target_ratio": 0.9945048899081922,
    "combined_score": 0.9945048899081922,
    "eval_time": 42.57888603210449
  },
  "language": "python",
  "saved_at": 1777553826.937374,
  "current_iteration": 30,
  "budget": {
    "program_iteration": 28,
    "matched_iteration_by": "iteration",
    "run_summary": {
      "nominal_budget": 1.0,
      "total_cost": 0.4212256599999999,
      "oob": false,
      "overshoot": 0.0,
      "overshoot_ratio": 0.0,
      "num_iterations": 29,
      "num_generation_calls": 28,
      "num_retry_calls": 1,
      "num_guide_calls": 2,
      "generation_cost_total": 0.36659689999999984,
      "retry_cost_total": 0.020823559999999998,
      "guide_cost_total": 0.033805199999999994,
      "component_cost_total": 0.42122565999999984,
      "prompt_tokens_total": 211423,
      "completion_tokens_total": 116957,
      "input_tokens_total": 211423,
      "output_tokens_total": 116957,
      "total_tokens": 328380,
      "generation_prompt_tokens_total": 192315,
      "generation_completion_tokens_total": 99187,
      "generation_input_tokens_total": 192315,
      "generation_output_tokens_total": 99187,
      "generation_total_tokens": 291502,
      "retry_prompt_tokens_total": 7768,
      "retry_completion_tokens_total": 6622,
      "retry_input_tokens_total": 7768,
      "retry_output_tokens_total": 6622,
      "retry_total_tokens": 14390,
      "guide_prompt_tokens_total": 11340,
      "guide_completion_tokens_total": 11148,
      "guide_input_tokens_total": 11340,
      "guide_output_tokens_total": 11148,
      "guide_total_tokens": 22488,
      "avg_iteration_cost": 0.014525022758620686,
      "generation_cost_fraction": 0.870309990136878,
      "retry_cost_fraction": 0.04943563979459372,
      "guide_cost_fraction": 0.08025437006852812,
      "best_score": 0.9945048899081922,
      "method": "costada",
      "task_family": "circle_packing",
      "task_name": "evaluator",
      "seed": null,
      "objective_key": "sum_radii",
      "best_objective": 2.6205203849080863,
      "best_objective_iteration": 28,
      "best_combined_score": 0.9945048899081922,
      "best_combined_score_iteration": 28,
      "best_target_ratio": 0.9945048899081922,
      "best_target_ratio_iteration": 28,
      "target_value": null,
      "success_target": false,
      "cost_to_target": null,
      "iteration_to_target": null
    },
    "best_iteration_trace": {
      "iteration": 28,
      "source": "iteration",
      "frontier_id": 1,
      "method": "costada",
      "task_family": "circle_packing",
      "task_name": "evaluator",
      "seed": null,
      "selected_frontier": 1,
      "generation_cost": 0.024053019999999998,
      "retry_cost": 0.0,
      "guide_cost": 0.0,
      "step_cost": 0.024053019999999998,
      "iteration_cost": 0.024053019999999998,
      "cumulative_cost": 0.4121944199999999,
      "cumulative_cost_after_step": 0.4121944199999999,
      "remaining_budget_ratio": 0.5878055800000002,
      "remaining_budget_ratio_before": 0.6118586000000001,
      "remaining_budget_ratio_after": 0.5878055800000002,
      "prompt_tokens": 7976,
      "completion_tokens": 7961,
      "input_tokens": 7976,
      "output_tokens": 7961,
      "model_name": "z-ai/glm-5",
      "candidate_score": 0.9945048899081922,
      "local_best": 0.9945048899081922,
      "global_best_before": 0.9944402426727061,
      "global_best_after": 0.9945048899081922,
      "global_best": 0.9945048899081922,
      "prompt_budget_mode": "standard",
      "local_search_mode": "exploration",
      "explore_or_exploit": "exploration",
      "explore": true,
      "tier": null,
      "base_tier": null,
      "final_tier": null,
      "tier_override_reason": null,
      "intensity": 0.4347417813599802,
      "lambda_t": 0.41219441999999984,
      "ref_cost": 0.01,
      "normalized_cost": 2.405299594700405,
      "ctilde": 2.405299594700405,
      "cost_phi": 1.2253329224270275,
      "cost_denominator": 1.5050753932667134,
      "recent_improvement_avg": 0.0070361858036614615,
      "recent_H_avg": 0.04575230458005034,
      "recent_utility_avg": 0.007657704872922289,
      "stagnation_steps": 0,
      "local_gain": 0.04433230786580904,
      "global_gain": 6.50086679037639e-05,
      "frontier_improvement": 6.464723548604834e-05,
      "local_gain_normalized": 0.04433230786580904,
      "global_gain_normalized": 6.50086679037639e-05,
      "utility": 0.017331739170450586,
      "frontier_signal": 0.049005879658174954,
      "budget_bin": null,
      "action_family": null,
      "action_tier": null,
      "frontier_gain": null,
      "routing_reward": 4.3192964415333945e-05,
      "routing_stat": 0.00047441832615632986,
      "router_reward": 4.3192964415333945e-05,
      "meta_triggered": false,
      "guidance_scheduled": false,
      "guidance_triggered": false,
      "whether_guidance_triggered": false,
      "stagnant": false,
      "low_recent_utility": true,
      "affordable_guidance": true,
      "guidance_available": true,
      "meta_sources": [],
      "guide_triggered": false,
      "guide_skipped_reason": null,
      "paradigm_triggered": false,
      "paradigm_count": 0,
      "attempts_used": 1,
      "num_calls": 1,
      "num_generation_calls_this_iteration": 1,
      "num_retry_calls_this_iteration": 0,
      "num_guide_calls_this_iteration": 0,
      "total_tokens": 15937,
      "generation_prompt_tokens": 7976,
      "generation_completion_tokens": 7961,
      "generation_input_tokens": 7976,
      "generation_output_tokens": 7961,
      "retry_prompt_tokens": 0,
      "retry_completion_tokens": 0,
      "retry_input_tokens": 0,
      "retry_output_tokens": 0,
      "guide_prompt_tokens": 0,
      "guide_completion_tokens": 0,
      "guide_input_tokens": 0,
      "guide_output_tokens": 0,
      "prompt_component_cost_composition": {
        "generation": 0.024053019999999998,
        "retry": 0.0,
        "guide": 0.0
      },
      "objective_key": "sum_radii",
      "objective_value": 2.6205203849080863,
      "best_so_far_objective": 2.6205203849080863,
      "best_so_far_objective_iteration": 28,
      "target_value": null,
      "target_ratio": 0.9945048899081922,
      "best_so_far_target_ratio": 0.9945048899081922,
      "best_so_far_target_ratio_iteration": 28,
      "combined_score": 0.9945048899081922,
      "best_so_far_combined_score": 0.9945048899081922,
      "best_so_far_combined_score_iteration": 28,
      "validity": 1.0,
      "eval_time": 86.4932906627655,
      "metrics_raw": {
        "validity": 1.0,
        "sum_radii": 2.6205203849080863,
        "target_ratio": 0.9945048899081922,
        "combined_score": 0.9945048899081922,
        "eval_time": 42.57888603210449
      },
      "call_roles": [
        "generation"
      ],
      "call_model_names": [
        "z-ai/glm-5"
      ],
      "call_prompt_tokens": [
        7976
      ],
      "call_completion_tokens": [
        7961
      ],
      "call_input_tokens": [
        7976
      ],
      "call_output_tokens": [
        7961
      ],
      "call_total_tokens": [
        15937
      ],
      "call_costs": [
        0.024053019999999998
      ],
      "calls": [
        {
          "role": "generation",
          "model_name": "z-ai/glm-5",
          "input_tokens": 7976,
          "output_tokens": 7961,
          "total_tokens": 15937,
          "raw_cost": 0.024053019999999998,
          "meta": {}
        }
      ]
    },
    "cost_at_best": 0.4121944199999999,
    "iteration_cost_at_best": 0.024053019999999998,
    "remaining_budget_ratio_at_best": 0.5878055800000002,
    "tokens_at_best": {
      "input_tokens": 7976,
      "output_tokens": 7961,
      "total_tokens": 15937
    },