{
  "num_islands": 2,
  "current_island": 1,
  "iteration_count": 19,
  "global_best_score": 0.9931063235182254,
  "decay": 0.9,
  "intensity_min": 0.15,
  "intensity_max": 0.5,
  "migration_interval": 15,
  "diversity_strategy_type": "code",
  "use_unified_archive": true,
  "use_adaptive_search": true,
  "use_ucb_selection": true,
  "fixed_intensity": 0.4,
  "adapter": {
    "states": [
      {
        "accumulated_signal": 0.12747304813444343,
        "best_score": 0.9931063235182254,
        "improvement_count": 5,
        "total_evaluations": 12,
        "decay": 0.9,
        "epsilon": 1e-08,
        "intensity_min": 0.15,
        "intensity_max": 0.5
      },
      {
        "accumulated_signal": 0.13158560905988814,
        "best_score": 0.9917632353391616,
        "improvement_count": 2,
        "total_evaluations": 10,
        "decay": 0.9,
        "epsilon": 1e-08,
        "intensity_min": 0.15,
        "intensity_max": 0.5
      }
    ],
    "dimension_visits": [
      12,
      10
    ],
    "dimension_rewards": [
      0.9401966834700037,
      0.17254509185281638
    ],
    "decayed_visits": [
      7.175704635190001,
      6.5132155990000005
    ],
    "global_best_score": 0.9931063235182254,
    "ucb_exploration": 1.41,
    "min_visits": 3,
    "decay": 0.9,
    "epsilon": 1e-08
  },
  "island_config_names": [
    "balanced",
    "balanced"
  ],
  "islands": [
    [
      "936bed3b-42b1-4ac3-9702-3a542d50513b",
      "cd99dd10-1084-4980-8fe4-9b3c4d1ee675",
      "a2165041-2248-4896-9dea-5aaf19be10f5",
      "60a98d13-fc3d-4086-9af9-d1e0193b5749",
      "e9ef1754-99fc-4d9b-92ed-4fea9194b763",
      "2ac95dd1-5fcc-4483-b12a-9cc4d2f96430",
      "8e5cb83b-fc88-4022-9689-b63cc4e95461",
      "8df88af7-d61b-4a55-9a3d-a6cf5c84d8c4",
      "2984bffd-3969-4090-8165-a93752f1c553",
      "e1f75d8a-37ba-4d4a-8ad8-75603cecabc4",
      "3ef31c5c-e591-430e-81ea-580922440f28",
      "47f08a24-7fc9-40a3-8b09-26ad0f9bf425"
    ],
    [
      "a9073925-4c06-41b1-b592-9c756c1b9daf",
      "1d42a312-5600-458c-8757-23ae35993852",
      "8f1c9da2-986e-4834-9e8a-7d63d1f0a161",
      "16e921a4-9e24-4827-8432-96972926b596",
      "c8205b6b-59e0-47d9-a423-376f5d6fed98",
      "0dc87861-feda-4bdf-901a-cec481ab6aee",
      "32191ba6-bdde-4046-b39b-27cc31159715",
      "667567af-4d30-4444-9784-6e9d7901d9b2",
      "03679b1b-f775-4fee-afa5-f3c7cf20579f",
      "ac1e376c-c54a-4bd6-b9bb-37d27a37e8bc",
      "9534c455-50a5-4948-8c51-d727d1625334",
      "f85bac9b-3605-40e1-ae10-be8404e8834a",
      "46cd19fc-5329-4ea6-9692-b384b3381e09",
      "82b7ca6d-f62f-4abd-8fa3-7d60a61cfbec",
      "9c18a14b-460e-46c4-a7a5-4adfbf1638e4",
      "c749bfc9-1bd0-400f-9dce-dfa77c9e9b7f"
    ]
  ],
  "archive_genealogies": [
    {
      "parents": {
        "936bed3b-42b1-4ac3-9702-3a542d50513b": [],
        "cd99dd10-1084-4980-8fe4-9b3c4d1ee675": [
          "936bed3b-42b1-4ac3-9702-3a542d50513b"
        ],
        "a2165041-2248-4896-9dea-5aaf19be10f5": [
          "cd99dd10-1084-4980-8fe4-9b3c4d1ee675"
        ],
        "60a98d13-fc3d-4086-9af9-d1e0193b5749": [
          "a2165041-2248-4896-9dea-5aaf19be10f5"
        ],
        "e9ef1754-99fc-4d9b-92ed-4fea9194b763": [
          "936bed3b-42b1-4ac3-9702-3a542d50513b"
        ],
        "2ac95dd1-5fcc-4483-b12a-9cc4d2f96430": [
          "a2165041-2248-4896-9dea-5aaf19be10f5"
        ],
        "8e5cb83b-fc88-4022-9689-b63cc4e95461": [
          "a2165041-2248-4896-9dea-5aaf19be10f5"
        ],
        "8df88af7-d61b-4a55-9a3d-a6cf5c84d8c4": [
          "8f1c9da2-986e-4834-9e8a-7d63d1f0a161"
        ],
        "2984bffd-3969-4090-8165-a93752f1c553": [
          "8df88af7-d61b-4a55-9a3d-a6cf5c84d8c4"
        ],
        "e1f75d8a-37ba-4d4a-8ad8-75603cecabc4": [
          "8f1c9da2-986e-4834-9e8a-7d63d1f0a161"
        ],
        "3ef31c5c-e591-430e-81ea-580922440f28": [
          "8df88af7-d61b-4a55-9a3d-a6cf5c84d8c4"
        ],
        "47f08a24-7fc9-40a3-8b09-26ad0f9bf425": [
          "8df88af7-d61b-4a55-9a3d-a6cf5c84d8c4"
        ]
      },
      "children": {
        "936bed3b-42b1-4ac3-9702-3a542d50513b": [
          "cd99dd10-1084-4980-8fe4-9b3c4d1ee675",
          "e9ef1754-99fc-4d9b-92ed-4fea9194b763"
        ],
        "cd99dd10-1084-4980-8fe4-9b3c4d1ee675": [
          "a2165041-2248-4896-9dea-5aaf19be10f5"
        ],
        "a2165041-2248-4896-9dea-5aaf19be10f5": [
          "60a98d13-fc3d-4086-9af9-d1e0193b5749",
          "2ac95dd1-5fcc-4483-b12a-9cc4d2f96430",
          "8e5cb83b-fc88-4022-9689-b63cc4e95461"
        ],
        "8f1c9da2-986e-4834-9e8a-7d63d1f0a161": [
          "8df88af7-d61b-4a55-9a3d-a6cf5c84d8c4",
          "e1f75d8a-37ba-4d4a-8ad8-75603cecabc4"
        ],
        "8df88af7-d61b-4a55-9a3d-a6cf5c84d8c4": [
          "2984bffd-3969-4090-8165-a93752f1c553",
          "3ef31c5c-e591-430e-81ea-580922440f28",
          "47f08a24-7fc9-40a3-8b09-26ad0f9bf425"
        ]
      }
    },
    {
      "parents": {
        "a9073925-4c06-41b1-b592-9c756c1b9daf": [],
        "1d42a312-5600-458c-8757-23ae35993852": [
          "a9073925-4c06-41b1-b592-9c756c1b9daf"
        ],
        "8f1c9da2-986e-4834-9e8a-7d63d1f0a161": [
          "1d42a312-5600-458c-8757-23ae35993852"
        ],
        "16e921a4-9e24-4827-8432-96972926b596": [
          "8f1c9da2-986e-4834-9e8a-7d63d1f0a161"
        ],
        "c8205b6b-59e0-47d9-a423-376f5d6fed98": [
          "8f1c9da2-986e-4834-9e8a-7d63d1f0a161"
        ],
        "0dc87861-feda-4bdf-901a-cec481ab6aee": [
          "8f1c9da2-986e-4834-9e8a-7d63d1f0a161"
        ],
        "32191ba6-bdde-4046-b39b-27cc31159715": [
          "8f1c9da2-986e-4834-9e8a-7d63d1f0a161"
        ],
        "667567af-4d30-4444-9784-6e9d7901d9b2": [
          "8df88af7-d61b-4a55-9a3d-a6cf5c84d8c4"
        ],
        "03679b1b-f775-4fee-afa5-f3c7cf20579f": [
          "8df88af7-d61b-4a55-9a3d-a6cf5c84d8c4"
        ],
        "ac1e376c-c54a-4bd6-b9bb-37d27a37e8bc": [
          "2984bffd-3969-4090-8165-a93752f1c553"
        ],
        "9534c455-50a5-4948-8c51-d727d1625334": [
          "a2165041-2248-4896-9dea-5aaf19be10f5"
        ],
        "f85bac9b-3605-40e1-ae10-be8404e8834a": [
          "e9ef1754-99fc-4d9b-92ed-4fea9194b763"
        ],
        "46cd19fc-5329-4ea6-9692-b384b3381e09": [
          "8e5cb83b-fc88-4022-9689-b63cc4e95461"
        ],
        "82b7ca6d-f62f-4abd-8fa3-7d60a61cfbec": [
          "3ef31c5c-e591-430e-81ea-580922440f28"
        ],
        "9c18a14b-460e-46c4-a7a5-4adfbf1638e4": [
          "8f1c9da2-986e-4834-9e8a-7d63d1f0a161"
        ],
        "c749bfc9-1bd0-400f-9dce-dfa77c9e9b7f": [
          "8f1c9da2-986e-4834-9e8a-7d63d1f0a161"
        ]
      },
      "children": {
        "a9073925-4c06-41b1-b592-9c756c1b9daf": [
          "1d42a312-5600-458c-8757-23ae35993852"
        ],
        "1d42a312-5600-458c-8757-23ae35993852": [
          "8f1c9da2-986e-4834-9e8a-7d63d1f0a161"
        ],
        "8f1c9da2-986e-4834-9e8a-7d63d1f0a161": [
          "16e921a4-9e24-4827-8432-96972926b596",
          "c8205b6b-59e0-47d9-a423-376f5d6fed98",
          "0dc87861-feda-4bdf-901a-cec481ab6aee",
          "32191ba6-bdde-4046-b39b-27cc31159715",
          "9c18a14b-460e-46c4-a7a5-4adfbf1638e4",
          "c749bfc9-1bd0-400f-9dce-dfa77c9e9b7f"
        ],
        "8df88af7-d61b-4a55-9a3d-a6cf5c84d8c4": [
          "667567af-4d30-4444-9784-6e9d7901d9b2",
          "03679b1b-f775-4fee-afa5-f3c7cf20579f"
        ],
        "2984bffd-3969-4090-8165-a93752f1c553": [
          "ac1e376c-c54a-4bd6-b9bb-37d27a37e8bc"
        ],
        "a2165041-2248-4896-9dea-5aaf19be10f5": [
          "9534c455-50a5-4948-8c51-d727d1625334"
        ],
        "e9ef1754-99fc-4d9b-92ed-4fea9194b763": [
          "f85bac9b-3605-40e1-ae10-be8404e8834a"
        ],
        "8e5cb83b-fc88-4022-9689-b63cc4e95461": [
          "46cd19fc-5329-4ea6-9692-b384b3381e09"
        ],
        "3ef31c5c-e591-430e-81ea-580922440f28": [
          "82b7ca6d-f62f-4abd-8fa3-7d60a61cfbec"
        ]
      }
    }
  ],