{
  "id": "3ef31c5c-e591-430e-81ea-580922440f28",
  "generation": 4,
  "iteration": 16,
  "current_iteration": 20,
  "metrics": {
    "validity": 1.0,
    "sum_radii": 2.6168351624705237,
    "target_ratio": 0.9931063235182254,
    "combined_score": 0.9931063235182254,
    "eval_time": 168.7651765346527
  },
  "language": "python",
  "timestamp": 1775716083.451499,
  "saved_at": 1775717643.6562865
}