{
  "num_islands": 2,
  "current_island": 1,
  "iteration_count": 69,
  "global_best_score": 0.9257185856443456,
  "decay": 0.9,
  "intensity_min": 0.15,
  "intensity_max": 0.5,
  "migration_interval": 15,
  "diversity_strategy_type": "code",
  "use_unified_archive": true,
  "use_adaptive_search": true,
  "use_ucb_selection": true,
  "fixed_intensity": 0.4,
  "adapter": {
    "states": [
      {
        "accumulated_signal": 0.11180707361477214,
        "best_score": 0.9257185856443456,
        "improvement_count": 6,
        "total_evaluations": 38,
        "decay": 0.9,
        "epsilon": 1e-08,
        "intensity_min": 0.15,
        "intensity_max": 0.5
      },
      {
        "accumulated_signal": 0.09953056111483718,
        "best_score": 0.9257185856443456,
        "improvement_count": 5,
        "total_evaluations": 32,
        "decay": 0.9,
        "epsilon": 1e-08,
        "intensity_min": 0.15,
        "intensity_max": 0.5
      }
    ],
    "dimension_visits": [
      38,
      32
    ],
    "dimension_rewards": [
      0.16717674152527315,
      0.2838463570654233
    ],
    "decayed_visits": [
      9.817519963685994,
      9.656631617970751
    ],
    "global_best_score": 0.9257185856443456,
    "ucb_exploration": 1.41,
    "min_visits": 3,
    "decay": 0.9,
    "epsilon": 1e-08
  },
  "island_config_names": [
    "balanced",
    "balanced"
  ],
  "islands": [
    [
      "b3585c4c-d9e4-4032-855e-14e04f8fd67e",
      "b06700b9-b72d-4158-aea8-84b3eeefc2d2",
      "ee8124a2-2278-42b7-82c2-174d8dabd037",
      "142a2f5b-0472-432e-8013-397a3e72d134",
      "2b84bdf3-8b57-46f1-9171-bf6362208ebe",
      "555f845d-b2f6-4a9b-a989-5bed79efc538",
      "bf3cfd93-5ae0-4d16-b84e-fdd87f9f3b9a",
      "8128d01f-338e-4755-ba1e-a22fd3974961",
      "5421d4ff-cf55-4f74-9589-62edf635b477",
      "11317080-86bc-434d-952b-1b12a41be7b6",
      "651c5d4e-8b7b-4f94-989f-5a6c61e715e0",
      "53e26194-4cdb-4915-ac71-206ed61f5f33",
      "67fae305-426c-4b3b-85ae-b407578b042a",
      "706b6243-0ab0-4c5f-be75-b5fed678a3ef",
      "b9335531-dc3e-4eaf-8e35-5f167aaa117f",
      "dce5eec3-c73e-4203-8ef6-c4fe2542155f",
      "0aefa296-9b7e-444d-ba7d-0ac567e72440",
      "ffc9790f-1708-403b-ad61-6f4f37bef7fa",
      "5d2bb9a7-b8b8-4b89-8613-4cd08270176f",
      "ba8f35b8-9a2a-4cb5-843a-5b8bed533dae"
    ],
    [
      "2357d000-cc3d-412d-9d53-9b035fb315cb",
      "51ee8e4a-7ecf-4a5d-80c2-834ab6087d69",
      "63a1831b-d5b8-4ace-b1c2-7fd89cb34756",
      "90f3c15e-4e30-4819-8b49-f42a3ed3d797",
      "3ebe9d92-f512-4f41-ae47-83aa3107a943",
      "fd603e4c-e37e-4c5b-bedd-292af2dd2d54",
      "26211b7a-a877-4ecb-91f4-30ffa1a0e44a",
      "c052000b-e6e8-4966-915f-ffd2f59515d7",
      "622a0396-ab13-4b44-9545-9662f5eccdd5",
      "1ef092bd-b89b-426a-b4f4-51f0b71c8fbd",
      "ee350648-2080-4d23-85fa-c9300225b8c8",
      "ec4aab9e-8328-48eb-9a6b-51c3ca3ca4c6",
      "36e9e692-6edd-4a2e-963c-75d6c8cf4fe8",
      "0db46a7b-557a-4fe3-b13b-8e94563f2f9f",
      "b880169a-9d30-44e8-b997-3d35596ab626",
      "c6c4c05b-714f-4cc5-b4ab-ac9087e38251",
      "22673ace-0618-40b3-b9a6-3e50d1115548",
      "930d0619-ac31-4236-91cb-d98d9f3ad212",
      "63431d60-7d74-48b9-a2e7-ff10faa84f5f",
      "7b4ec829-de5f-4fc8-9f06-b539b78480e9"
    ]
  ],
  "archive_genealogies": [
    {
      "parents": {
        "b3585c4c-d9e4-4032-855e-14e04f8fd67e": [],
        "b06700b9-b72d-4158-aea8-84b3eeefc2d2": [
          "be3f83fa-fb44-4ca0-a86c-8e30ff4fd81d"
        ],
        "ee8124a2-2278-42b7-82c2-174d8dabd037": [
          "be3f83fa-fb44-4ca0-a86c-8e30ff4fd81d"
        ],
        "142a2f5b-0472-432e-8013-397a3e72d134": [
          "be3f83fa-fb44-4ca0-a86c-8e30ff4fd81d"
        ],
        "2b84bdf3-8b57-46f1-9171-bf6362208ebe": [
          "51ee8e4a-7ecf-4a5d-80c2-834ab6087d69"
        ],
        "555f845d-b2f6-4a9b-a989-5bed79efc538": [
          "1764f506-7df6-4d06-a1eb-53fea1462615"
        ],
        "bf3cfd93-5ae0-4d16-b84e-fdd87f9f3b9a": [
          "2b84bdf3-8b57-46f1-9171-bf6362208ebe"
        ],
        "8128d01f-338e-4755-ba1e-a22fd3974961": [
          "ee8124a2-2278-42b7-82c2-174d8dabd037"
        ],
        "5421d4ff-cf55-4f74-9589-62edf635b477": [
          "49e51043-7310-4fdf-94ec-778ed94ba825"
        ],
        "11317080-86bc-434d-952b-1b12a41be7b6": [
          "be3f83fa-fb44-4ca0-a86c-8e30ff4fd81d"
        ],
        "651c5d4e-8b7b-4f94-989f-5a6c61e715e0": [
          "ee350648-2080-4d23-85fa-c9300225b8c8"
        ],
        "53e26194-4cdb-4915-ac71-206ed61f5f33": [
          "ec4aab9e-8328-48eb-9a6b-51c3ca3ca4c6"
        ],
        "67fae305-426c-4b3b-85ae-b407578b042a": [
          "ee350648-2080-4d23-85fa-c9300225b8c8"
        ],
        "706b6243-0ab0-4c5f-be75-b5fed678a3ef": [
          "ee8124a2-2278-42b7-82c2-174d8dabd037"
        ],
        "b9335531-dc3e-4eaf-8e35-5f167aaa117f": [
          "da103a0d-a1e8-4bf1-8fcb-9248378facfe"
        ],
        "dce5eec3-c73e-4203-8ef6-c4fe2542155f": [
          "22673ace-0618-40b3-b9a6-3e50d1115548"
        ],
        "0aefa296-9b7e-444d-ba7d-0ac567e72440": [
          "930d0619-ac31-4236-91cb-d98d9f3ad212"
        ],
        "ffc9790f-1708-403b-ad61-6f4f37bef7fa": [
          "dce5eec3-c73e-4203-8ef6-c4fe2542155f"
        ],
        "5d2bb9a7-b8b8-4b89-8613-4cd08270176f": [
          "142a2f5b-0472-432e-8013-397a3e72d134"
        ],
        "ba8f35b8-9a2a-4cb5-843a-5b8bed533dae": [
          "b9335531-dc3e-4eaf-8e35-5f167aaa117f"
        ]
      },
      "children": {
        "51ee8e4a-7ecf-4a5d-80c2-834ab6087d69": [
          "2b84bdf3-8b57-46f1-9171-bf6362208ebe"
        ],
        "2b84bdf3-8b57-46f1-9171-bf6362208ebe": [
          "bf3cfd93-5ae0-4d16-b84e-fdd87f9f3b9a"
        ],
        "ee8124a2-2278-42b7-82c2-174d8dabd037": [
          "8128d01f-338e-4755-ba1e-a22fd3974961",
          "706b6243-0ab0-4c5f-be75-b5fed678a3ef"
        ],
        "ee350648-2080-4d23-85fa-c9300225b8c8": [
          "651c5d4e-8b7b-4f94-989f-5a6c61e715e0",
          "67fae305-426c-4b3b-85ae-b407578b042a"
        ],
        "ec4aab9e-8328-48eb-9a6b-51c3ca3ca4c6": [
          "53e26194-4cdb-4915-ac71-206ed61f5f33"
        ],
        "22673ace-0618-40b3-b9a6-3e50d1115548": [
          "dce5eec3-c73e-4203-8ef6-c4fe2542155f"
        ],
        "930d0619-ac31-4236-91cb-d98d9f3ad212": [
          "0aefa296-9b7e-444d-ba7d-0ac567e72440"
        ],
        "dce5eec3-c73e-4203-8ef6-c4fe2542155f": [
          "ffc9790f-1708-403b-ad61-6f4f37bef7fa"
        ],
        "142a2f5b-0472-432e-8013-397a3e72d134": [
          "5d2bb9a7-b8b8-4b89-8613-4cd08270176f"
        ],
        "b9335531-dc3e-4eaf-8e35-5f167aaa117f": [
          "ba8f35b8-9a2a-4cb5-843a-5b8bed533dae"
        ]
      }
    },
    {
      "parents": {
        "2357d000-cc3d-412d-9d53-9b035fb315cb": [],
        "51ee8e4a-7ecf-4a5d-80c2-834ab6087d69": [
          "2357d000-cc3d-412d-9d53-9b035fb315cb"
        ],
        "63a1831b-d5b8-4ace-b1c2-7fd89cb34756": [
          "51ee8e4a-7ecf-4a5d-80c2-834ab6087d69"
        ],
        "90f3c15e-4e30-4819-8b49-f42a3ed3d797": [
          "63a1831b-d5b8-4ace-b1c2-7fd89cb34756"
        ],
        "3ebe9d92-f512-4f41-ae47-83aa3107a943": [
          "51ee8e4a-7ecf-4a5d-80c2-834ab6087d69"
        ],
        "fd603e4c-e37e-4c5b-bedd-292af2dd2d54": [
          "63a1831b-d5b8-4ace-b1c2-7fd89cb34756"
        ],
        "26211b7a-a877-4ecb-91f4-30ffa1a0e44a": [
          "b06700b9-b72d-4158-aea8-84b3eeefc2d2"
        ],
        "c052000b-e6e8-4966-915f-ffd2f59515d7": [
          "c10b2af7-3169-4ad8-8796-835029042ba1"
        ],
        "622a0396-ab13-4b44-9545-9662f5eccdd5": [
          "44e60209-0b78-4ee4-b970-bac68b00ad7b"
        ],
        "1ef092bd-b89b-426a-b4f4-51f0b71c8fbd": [
          "44e60209-0b78-4ee4-b970-bac68b00ad7b"
        ],
        "ee350648-2080-4d23-85fa-c9300225b8c8": [
          "62e9219a-c83f-4113-86b7-7cf4837a74b1"
        ],
        "ec4aab9e-8328-48eb-9a6b-51c3ca3ca4c6": [
          "fc59acfb-643a-4114-8e6e-d028eaa0c6f8"
        ],