{
  "id": "b1d45edb-9245-44bc-8e06-95c8823ad8d5",
  "generation": 6,
  "iteration": 57,
  "current_iteration": 90,
  "metrics": {
    "validity": 1.0,
    "sum_radii": 2.635328412488781,
    "target_ratio": 1.0001246347206,
    "combined_score": 1.0001246347206,
    "eval_time": 51.875499963760376
  },
  "language": "python",
  "timestamp": 1776873649.15933,
  "saved_at": 1776888990.599346
}