{
  "num_islands": 2,
  "current_island": 0,
  "iteration_count": 19,
  "global_best_score": 0.9871413345540094,
  "decay": 0.9,
  "intensity_min": 0.15,
  "intensity_max": 0.5,
  "migration_interval": 15,
  "diversity_strategy_type": "code",
  "use_unified_archive": true,
  "use_adaptive_search": true,
  "use_ucb_selection": true,
  "fixed_intensity": 0.4,
  "adapter": {
    "states": [
      {
        "accumulated_signal": 0.13240977405233031,
        "best_score": 0.9871413345540094,
        "improvement_count": 3,
        "total_evaluations": 12,
        "decay": 0.9,
        "epsilon": 1e-08,
        "intensity_min": 0.15,
        "intensity_max": 0.5
      },
      {
        "accumulated_signal": 0.18999999999999995,
        "best_score": 0.7965645685010052,
        "improvement_count": 1,
        "total_evaluations": 13,
        "decay": 0.9,
        "epsilon": 1e-08,
        "intensity_min": 0.15,
        "intensity_max": 0.5
      }
    ],
    "dimension_visits": [
      12,
      13
    ],
    "dimension_rewards": [
      0.6207555925562364,
      0.49949134422403957
    ],
    "decayed_visits": [
      7.175704635190001,
      7.458134171671
    ],
    "global_best_score": 0.9871413345540094,
    "ucb_exploration": 1.41,
    "min_visits": 3,
    "decay": 0.9,
    "epsilon": 1e-08
  },
  "island_config_names": [
    "balanced",
    "balanced"
  ],
  "islands": [
    [
      "934c1100-df47-4ca9-86f4-1d76a611fc91",
      "6db7d518-e868-4f29-87a5-f7c7c4ae29ca",
      "bbcdea37-a4dd-48ab-8a2c-27598d0bfbb0",
      "f7879865-439e-42d9-8c73-6d1fc975ef21",
      "e6be07f0-634a-4cfd-a2b8-f28285b7ea84",
      "03d1cfc8-531d-4721-9547-9566328d889e",
      "cc5b1832-71d4-4fa3-b987-d691c98e0040",
      "439bbd0d-b918-468a-8b80-f816f2851157",
      "af1fe214-42f8-4f6b-beb0-f9596be879a3",
      "a03e81f1-a334-44c1-bd34-fd830d5e91d2",
      "1be95b0c-a248-4920-9a70-5afb8a630ffc",
      "92c8c141-5bee-4892-ad63-f3286b49f728",
      "bb00e4bb-38a3-4d44-bafa-d8a4346e1ca7",
      "d1220bdd-544d-4fe6-8381-4c82ca0853c3",
      "cca23262-05e0-4c6e-88bc-4451ab684c00"
    ],
    [
      "c2d65458-566a-48ec-ab9f-2a04d6c8e2da",
      "d98b68f1-66c0-43eb-b166-d4d08d1415a2",
      "30a97252-1d3e-4809-af3f-25d44b96f53f",
      "5a176458-40bb-4298-bae8-28c0b3062053",
      "d72dfcd2-432f-4d0b-b1a2-9148ae4315a6",
      "425477b8-2692-45b8-b8ea-da748f9258bc",
      "cd4a60ce-d2a7-4ca7-b929-9f3806cd4f18",
      "c98b87fc-cce6-476f-afe8-ccfd3a20f633",
      "5fef0cd5-eef2-440b-a8f4-a2aaaf4a07fa",
      "de50b33a-ea46-4f7e-bf87-021a6f3d6f06",
      "f8498cd0-6de6-497f-9092-42f6407ba174",
      "23e13b8e-313f-48d3-a6d1-90f4cc023f55",
      "e02c3135-986e-48ae-9fa2-127097812350",
      "632e687b-9e32-40f9-94e3-828b4f1ae7de"
    ]
  ],
  "archive_genealogies": [
    {
      "parents": {
        "934c1100-df47-4ca9-86f4-1d76a611fc91": [],
        "6db7d518-e868-4f29-87a5-f7c7c4ae29ca": [
          "934c1100-df47-4ca9-86f4-1d76a611fc91"
        ],
        "bbcdea37-a4dd-48ab-8a2c-27598d0bfbb0": [
          "6db7d518-e868-4f29-87a5-f7c7c4ae29ca"
        ],
        "f7879865-439e-42d9-8c73-6d1fc975ef21": [
          "934c1100-df47-4ca9-86f4-1d76a611fc91"
        ],
        "e6be07f0-634a-4cfd-a2b8-f28285b7ea84": [
          "f7879865-439e-42d9-8c73-6d1fc975ef21"
        ],
        "03d1cfc8-531d-4721-9547-9566328d889e": [
          "e6be07f0-634a-4cfd-a2b8-f28285b7ea84"
        ],
        "cc5b1832-71d4-4fa3-b987-d691c98e0040": [
          "f7879865-439e-42d9-8c73-6d1fc975ef21"
        ],
        "439bbd0d-b918-468a-8b80-f816f2851157": [
          "f7879865-439e-42d9-8c73-6d1fc975ef21"
        ],
        "af1fe214-42f8-4f6b-beb0-f9596be879a3": [
          "c98b87fc-cce6-476f-afe8-ccfd3a20f633"
        ],
        "a03e81f1-a334-44c1-bd34-fd830d5e91d2": [
          "5fef0cd5-eef2-440b-a8f4-a2aaaf4a07fa"
        ],
        "1be95b0c-a248-4920-9a70-5afb8a630ffc": [
          "30a97252-1d3e-4809-af3f-25d44b96f53f"
        ],
        "92c8c141-5bee-4892-ad63-f3286b49f728": [
          "c98b87fc-cce6-476f-afe8-ccfd3a20f633"
        ],
        "bb00e4bb-38a3-4d44-bafa-d8a4346e1ca7": [
          "c98b87fc-cce6-476f-afe8-ccfd3a20f633"
        ],
        "d1220bdd-544d-4fe6-8381-4c82ca0853c3": [
          "bb00e4bb-38a3-4d44-bafa-d8a4346e1ca7"
        ],
        "cca23262-05e0-4c6e-88bc-4451ab684c00": [
          "bb00e4bb-38a3-4d44-bafa-d8a4346e1ca7"
        ]
      },
      "children": {
        "934c1100-df47-4ca9-86f4-1d76a611fc91": [
          "6db7d518-e868-4f29-87a5-f7c7c4ae29ca",
          "f7879865-439e-42d9-8c73-6d1fc975ef21"
        ],
        "6db7d518-e868-4f29-87a5-f7c7c4ae29ca": [
          "bbcdea37-a4dd-48ab-8a2c-27598d0bfbb0"
        ],
        "f7879865-439e-42d9-8c73-6d1fc975ef21": [
          "e6be07f0-634a-4cfd-a2b8-f28285b7ea84",
          "cc5b1832-71d4-4fa3-b987-d691c98e0040",
          "439bbd0d-b918-468a-8b80-f816f2851157"
        ],
        "e6be07f0-634a-4cfd-a2b8-f28285b7ea84": [
          "03d1cfc8-531d-4721-9547-9566328d889e"
        ],
        "c98b87fc-cce6-476f-afe8-ccfd3a20f633": [
          "af1fe214-42f8-4f6b-beb0-f9596be879a3",
          "92c8c141-5bee-4892-ad63-f3286b49f728",
          "bb00e4bb-38a3-4d44-bafa-d8a4346e1ca7"
        ],
        "5fef0cd5-eef2-440b-a8f4-a2aaaf4a07fa": [
          "a03e81f1-a334-44c1-bd34-fd830d5e91d2"
        ],
        "30a97252-1d3e-4809-af3f-25d44b96f53f": [
          "1be95b0c-a248-4920-9a70-5afb8a630ffc"
        ],
        "bb00e4bb-38a3-4d44-bafa-d8a4346e1ca7": [
          "d1220bdd-544d-4fe6-8381-4c82ca0853c3",
          "cca23262-05e0-4c6e-88bc-4451ab684c00"
        ]
      }
    },
    {
      "parents": {
        "c2d65458-566a-48ec-ab9f-2a04d6c8e2da": [],
        "d98b68f1-66c0-43eb-b166-d4d08d1415a2": [
          "c2d65458-566a-48ec-ab9f-2a04d6c8e2da"
        ],
        "30a97252-1d3e-4809-af3f-25d44b96f53f": [
          "c2d65458-566a-48ec-ab9f-2a04d6c8e2da"
        ],
        "5a176458-40bb-4298-bae8-28c0b3062053": [
          "c2d65458-566a-48ec-ab9f-2a04d6c8e2da"
        ],
        "d72dfcd2-432f-4d0b-b1a2-9148ae4315a6": [
          "c2d65458-566a-48ec-ab9f-2a04d6c8e2da"
        ],
        "425477b8-2692-45b8-b8ea-da748f9258bc": [
          "5a176458-40bb-4298-bae8-28c0b3062053"
        ],
        "cd4a60ce-d2a7-4ca7-b929-9f3806cd4f18": [
          "f7879865-439e-42d9-8c73-6d1fc975ef21"
        ],
        "c98b87fc-cce6-476f-afe8-ccfd3a20f633": [
          "f7879865-439e-42d9-8c73-6d1fc975ef21"
        ],
        "5fef0cd5-eef2-440b-a8f4-a2aaaf4a07fa": [
          "c98b87fc-cce6-476f-afe8-ccfd3a20f633"
        ],
        "de50b33a-ea46-4f7e-bf87-021a6f3d6f06": [
          "f7879865-439e-42d9-8c73-6d1fc975ef21"
        ],
        "f8498cd0-6de6-497f-9092-42f6407ba174": [
          "6db7d518-e868-4f29-87a5-f7c7c4ae29ca"
        ],
        "23e13b8e-313f-48d3-a6d1-90f4cc023f55": [
          "bbcdea37-a4dd-48ab-8a2c-27598d0bfbb0"
        ],
        "e02c3135-986e-48ae-9fa2-127097812350": [
          "e6be07f0-634a-4cfd-a2b8-f28285b7ea84"
        ],
        "632e687b-9e32-40f9-94e3-828b4f1ae7de": [
          "c98b87fc-cce6-476f-afe8-ccfd3a20f633"
        ]
      },
      "children": {
        "c2d65458-566a-48ec-ab9f-2a04d6c8e2da": [
          "d98b68f1-66c0-43eb-b166-d4d08d1415a2",
          "30a97252-1d3e-4809-af3f-25d44b96f53f",
          "5a176458-40bb-4298-bae8-28c0b3062053",
          "d72dfcd2-432f-4d0b-b1a2-9148ae4315a6"
        ],
        "5a176458-40bb-4298-bae8-28c0b3062053": [
          "425477b8-2692-45b8-b8ea-da748f9258bc"
        ],
        "f7879865-439e-42d9-8c73-6d1fc975ef21": [
          "cd4a60ce-d2a7-4ca7-b929-9f3806cd4f18",
          "c98b87fc-cce6-476f-afe8-ccfd3a20f633",
          "de50b33a-ea46-4f7e-bf87-021a6f3d6f06"
        ],
        "c98b87fc-cce6-476f-afe8-ccfd3a20f633": [
          "5fef0cd5-eef2-440b-a8f4-a2aaaf4a07fa",
          "632e687b-9e32-40f9-94e3-828b4f1ae7de"
        ],