{
  "id": "bb00e4bb-38a3-4d44-bafa-d8a4346e1ca7",
  "generation": 3,
  "iteration": 18,
  "current_iteration": 20,
  "metrics": {
    "validity": 1.0,
    "sum_radii": 2.6011174165498145,
    "target_ratio": 0.9871413345540094,
    "combined_score": 0.9871413345540094,
    "eval_time": 20.59348487854004
  },
  "language": "python",
  "timestamp": 1776055482.0382664,
  "saved_at": 1776056341.9807305
}