{
  "id": "57862061-78dc-4a51-bcae-5421847bd913",
  "generation": 2,
  "iteration": 20,
  "current_iteration": 20,
  "metrics": {
    "validity": 1.0,
    "sum_radii": 1.5832520653123914,
    "target_ratio": 0.6008546737428431,
    "combined_score": 0.6008546737428431,
    "eval_time": 0.17551088333129883
  },
  "language": "python",
  "timestamp": 1776916967.0665648,
  "saved_at": 1776916967.0784948
}