{
  "id": "ed87ef81-28df-4c6a-b628-d5340343f13b",
  "generation": 3,
  "iteration": 12,
  "timestamp": 1777545805.3459475,
  "parent_id": "537a576e-84c4-41a7-a646-68f07b769e89",
  "metrics": {
    "validity": 1.0,
    "sum_radii": 2.617321682263806,
    "target_ratio": 0.9932909610109321,
    "combined_score": 0.9932909610109321,
    "eval_time": 15.99986743927002
  },
  "language": "python",
  "saved_at": 1777596894.6531763,
  "current_iteration": 100,
  "budget": {
    "program_iteration": 12,
    "matched_iteration_by": "iteration",
    "run_summary": {
      "nominal_budget": 2.0,
      "total_cost": 2.1390600600000003,
      "oob": true,
      "overshoot": 0.13906006000000026,
      "overshoot_ratio": 0.06953003000000013,
      "num_iterations": 100,
      "num_generation_calls": 95,
      "num_retry_calls": 5,
      "num_guide_calls": 16,
      "generation_cost_total": 1.81672668,
      "retry_cost_total": 0.06573725999999999,
      "guide_cost_total": 0.25659612,
      "component_cost_total": 2.13906006,
      "prompt_tokens_total": 965633,
      "completion_tokens_total": 627741,
      "input_tokens_total": 965633,
      "output_tokens_total": 627741,
      "total_tokens": 1593374,
      "generation_prompt_tokens_total": 819564,
      "generation_completion_tokens_total": 533322,
      "generation_input_tokens_total": 819564,
      "generation_output_tokens_total": 533322,
      "generation_total_tokens": 1352886,
      "retry_prompt_tokens_total": 43318,
      "retry_completion_tokens_total": 15021,
      "retry_input_tokens_total": 43318,
      "retry_output_tokens_total": 15021,
      "retry_total_tokens": 58339,
      "guide_prompt_tokens_total": 102751,
      "guide_completion_tokens_total": 79398,
      "guide_input_tokens_total": 102751,
      "guide_output_tokens_total": 79398,
      "guide_total_tokens": 182149,
      "avg_iteration_cost": 0.021390600600000004,
      "generation_cost_fraction": 0.8493107388485388,
      "retry_cost_fraction": 0.030731843967017915,
      "guide_cost_fraction": 0.11995741718444312,
      "best_score": 0.9932909610109321,
      "method": "adaevolve",
      "task_family": "circle_packing",
      "task_name": "evaluator",
      "seed": null,
      "objective_key": "sum_radii",
      "best_objective": 2.617321682263806,
      "best_objective_iteration": 12,
      "best_combined_score": 0.9932909610109321,
      "best_combined_score_iteration": 12,
      "best_target_ratio": 0.9932909610109321,
      "best_target_ratio_iteration": 12,
      "target_value": null,
      "success_target": false,
      "cost_to_target": null,
      "iteration_to_target": null
    },
    "best_iteration_trace": {
      "iteration": 12,
      "source": "iteration",
      "frontier_id": 1,
      "method": "adaevolve",
      "task_family": "circle_packing",
      "task_name": "evaluator",
      "seed": null,
      "selected_frontier": 1,
      "generation_cost": 0.033928599999999996,
      "retry_cost": 0.0,
      "guide_cost": 0.006089879999999999,
      "step_cost": 0.040018479999999995,
      "iteration_cost": 0.040018479999999995,
      "cumulative_cost": 0.26452034,
      "cumulative_cost_after_step": 0.26452034,
      "remaining_budget_ratio": 0.86773983,
      "remaining_budget_ratio_before": 0.88774907,
      "remaining_budget_ratio_after": 0.86773983,
      "prompt_tokens": 12124,
      "completion_tokens": 13604,
      "input_tokens": 12124,
      "output_tokens": 13604,
      "model_name": "z-ai/glm-5",
      "candidate_score": 0.9932909610109321,
      "local_best": 0.9932909610109321,
      "global_best_before": 0.5963024618908521,
      "global_best_after": 0.9932909610109321,
      "global_best": 0.9932909610109321,
      "prompt_budget_mode": null,
      "local_search_mode": null,
      "explore_or_exploit": null,
      "explore": null,
      "tier": "exploitation",
      "base_tier": "exploitation",
      "final_tier": "exploitation",
      "tier_override_reason": null,
      "intensity": 0.4070988442762219,
      "lambda_t": null,
      "ref_cost": null,
      "normalized_cost": null,
      "ctilde": null,
      "cost_phi": null,
      "cost_denominator": null,
      "recent_improvement_avg": 0.4070988442762219,
      "recent_H_avg": null,
      "recent_utility_avg": null,
      "stagnation_steps": null,
      "local_gain": 0.39698849912007994,
      "global_gain": 0.39698849912007994,
      "frontier_improvement": null,
      "local_gain_normalized": 0.6657502265901178,
      "global_gain_normalized": 0.6657502265901178,
      "utility": 0.39698849912007994,
      "frontier_signal": null,
      "budget_bin": null,
      "action_family": null,
      "action_tier": null,
      "frontier_gain": null,
      "routing_reward": null,
      "routing_stat": null,
      "router_reward": null,
      "meta_triggered": false,
      "guidance_scheduled": false,
      "guidance_triggered": true,
      "whether_guidance_triggered": true,
      "stagnant": null,
      "low_recent_utility": null,
      "affordable_guidance": null,
      "guidance_available": null,
      "meta_sources": [],
      "guide_triggered": true,
      "guide_skipped_reason": null,
      "paradigm_triggered": true,
      "paradigm_count": 3,
      "attempts_used": 1,
      "num_calls": 2,
      "num_generation_calls_this_iteration": 1,
      "num_retry_calls_this_iteration": 0,
      "num_guide_calls_this_iteration": 1,
      "total_tokens": 25728,
      "generation_prompt_tokens": 6790,
      "generation_completion_tokens": 12626,
      "generation_input_tokens": 6790,
      "generation_output_tokens": 12626,
      "retry_prompt_tokens": 0,
      "retry_completion_tokens": 0,
      "retry_input_tokens": 0,
      "retry_output_tokens": 0,
      "guide_prompt_tokens": 5334,
      "guide_completion_tokens": 978,
      "guide_input_tokens": 5334,
      "guide_output_tokens": 978,
      "prompt_component_cost_composition": {
        "generation": 0.033928599999999996,
        "retry": 0.0,
        "guide": 0.006089879999999999
      },
      "objective_key": "sum_radii",
      "objective_value": 2.617321682263806,
      "best_so_far_objective": 2.617321682263806,
      "best_so_far_objective_iteration": 12,
      "target_value": null,
      "target_ratio": 0.9932909610109321,
      "best_so_far_target_ratio": 0.9932909610109321,
      "best_so_far_target_ratio_iteration": 12,
      "combined_score": 0.9932909610109321,
      "best_so_far_combined_score": 0.9932909610109321,
      "best_so_far_combined_score_iteration": 12,
      "validity": 1.0,
      "eval_time": 32.386295318603516,
      "metrics_raw": {
        "validity": 1.0,
        "sum_radii": 2.617321682263806,
        "target_ratio": 0.9932909610109321,
        "combined_score": 0.9932909610109321,
        "eval_time": 15.99986743927002
      },
      "call_roles": [
        "guide",
        "generation"
      ],
      "call_model_names": [
        "z-ai/glm-5",
        "z-ai/glm-5"
      ],
      "call_prompt_tokens": [
        5334,
        6790
      ],
      "call_completion_tokens": [
        978,
        12626
      ],
      "call_input_tokens": [
        5334,
        6790
      ],
      "call_output_tokens": [
        978,
        12626
      ],
      "call_total_tokens": [
        6312,
        19416
      ],
      "call_costs": [
        0.006089879999999999,
        0.033928599999999996
      ],
      "calls": [
        {
          "role": "guide",
          "model_name": "z-ai/glm-5",
          "input_tokens": 5334,
          "output_tokens": 978,
          "total_tokens": 6312,
          "raw_cost": 0.006089879999999999,
          "meta": {
            "source": "paradigm_generation",
            "attempt": 1
          }
        },
        {
          "role": "generation",
          "model_name": "z-ai/glm-5",
          "input_tokens": 6790,
          "output_tokens": 12626,
          "total_tokens": 19416,
          "raw_cost": 0.033928599999999996,