{
  "num_islands": 2,
  "current_island": 1,
  "iteration_count": 19,
  "global_best_score": 0.9877634952595922,
  "decay": 0.9,
  "intensity_min": 0.15,
  "intensity_max": 0.5,
  "migration_interval": 15,
  "diversity_strategy_type": "code",
  "use_unified_archive": true,
  "use_adaptive_search": true,
  "use_ucb_selection": true,
  "fixed_intensity": 0.4,
  "adapter": {
    "states": [
      {
        "accumulated_signal": 0.18999999999999995,
        "best_score": 0.9590516567980388,
        "improvement_count": 2,
        "total_evaluations": 16,
        "decay": 0.9,
        "epsilon": 1e-08,
        "intensity_min": 0.15,
        "intensity_max": 0.5
      },
      {
        "accumulated_signal": 0.17108962682147735,
        "best_score": 0.9877634952595922,
        "improvement_count": 1,
        "total_evaluations": 7,
        "decay": 0.9,
        "epsilon": 1e-08,
        "intensity_min": 0.15,
        "intensity_max": 0.5
      }
    ],
    "dimension_visits": [
      16,
      7
    ],
    "dimension_rewards": [
      0.6363583420946491,
      0.029937738972304607
    ],
    "decayed_visits": [
      8.14697981114816,
      5.217031
    ],
    "global_best_score": 0.9877634952595922,
    "ucb_exploration": 1.41,
    "min_visits": 3,
    "decay": 0.9,
    "epsilon": 1e-08
  },
  "island_config_names": [
    "balanced",
    "balanced"
  ],
  "islands": [
    [
      "674f4a57-35d0-4d44-b33f-952d6e4952f9",
      "56889a7d-c038-45d6-9d76-119046204c4a",
      "17ab60ae-0cf6-46a2-a766-4bc75c45fc8c",
      "622b7faf-3c5f-4b40-b451-6668f535eed5",
      "4261e288-da9f-43e5-93e8-b53e857b3b9c",
      "bbc5ddc9-13e4-441b-a2af-257be7807e81",
      "9db61ecf-beb1-472e-83b1-1b22468f5b49",
      "568c6318-7827-46be-9342-6829b8f94248",
      "236b42fd-f635-4fc3-84f4-74dbd0ed148b",
      "21d8fb1e-31f5-4973-8614-e32ece816e61",
      "f709d491-e7f2-466b-b76b-34b9a6e771cd",
      "6b9c735f-acd2-4dd7-b17d-dfe96a236656",
      "3bbaa69c-2d4d-4454-96e4-19dba963abb9",
      "9614cbac-4416-474c-bb7b-b466f599ef8b",
      "b7b80788-a139-4ef1-86ff-2d0d442f5f8e",
      "c3537087-699f-4773-ac08-cf28e6f113cc"
    ],
    [
      "ef8f461a-1fd4-40ca-8a1a-9511587347e5",
      "7cf91f70-a1d1-42b0-8d39-e23bd062b764",
      "9ff8f17f-058c-4847-954f-93d74ff3d469",
      "6b408e7a-8d90-45ba-a950-f261d9996125",
      "82ac3833-fc94-4f4a-ab37-47fbe5ed65f8",
      "b2ba6a9e-38bd-42e6-8539-afe650c911dc",
      "2a144660-7e2a-4af2-bf42-9328a03f6640",
      "eb420d28-b0ac-461e-8bb9-784450a20be2",
      "1eccbc34-617e-49bd-8dcd-7aa22ad564bf",
      "dc1d54b6-6be9-42df-a3be-a8477fac91be",
      "fe1b2947-c122-47cc-a8d3-062604191d72",
      "8062e6e1-86ad-4118-a3dc-c4628c5e028e"
    ]
  ],
  "archive_genealogies": [
    {
      "parents": {
        "674f4a57-35d0-4d44-b33f-952d6e4952f9": [],
        "56889a7d-c038-45d6-9d76-119046204c4a": [
          "674f4a57-35d0-4d44-b33f-952d6e4952f9"
        ],
        "17ab60ae-0cf6-46a2-a766-4bc75c45fc8c": [
          "674f4a57-35d0-4d44-b33f-952d6e4952f9"
        ],
        "622b7faf-3c5f-4b40-b451-6668f535eed5": [
          "674f4a57-35d0-4d44-b33f-952d6e4952f9"
        ],
        "4261e288-da9f-43e5-93e8-b53e857b3b9c": [
          "17ab60ae-0cf6-46a2-a766-4bc75c45fc8c"
        ],
        "bbc5ddc9-13e4-441b-a2af-257be7807e81": [
          "674f4a57-35d0-4d44-b33f-952d6e4952f9"
        ],
        "9db61ecf-beb1-472e-83b1-1b22468f5b49": [
          "674f4a57-35d0-4d44-b33f-952d6e4952f9"
        ],
        "568c6318-7827-46be-9342-6829b8f94248": [
          "674f4a57-35d0-4d44-b33f-952d6e4952f9"
        ],
        "236b42fd-f635-4fc3-84f4-74dbd0ed148b": [
          "568c6318-7827-46be-9342-6829b8f94248"
        ],
        "21d8fb1e-31f5-4973-8614-e32ece816e61": [
          "7cf91f70-a1d1-42b0-8d39-e23bd062b764"
        ],
        "f709d491-e7f2-466b-b76b-34b9a6e771cd": [
          "9ff8f17f-058c-4847-954f-93d74ff3d469"
        ],
        "6b9c735f-acd2-4dd7-b17d-dfe96a236656": [
          "6b408e7a-8d90-45ba-a950-f261d9996125"
        ],
        "3bbaa69c-2d4d-4454-96e4-19dba963abb9": [
          "568c6318-7827-46be-9342-6829b8f94248"
        ],
        "9614cbac-4416-474c-bb7b-b466f599ef8b": [
          "568c6318-7827-46be-9342-6829b8f94248"
        ],
        "b7b80788-a139-4ef1-86ff-2d0d442f5f8e": [
          "568c6318-7827-46be-9342-6829b8f94248"
        ],
        "c3537087-699f-4773-ac08-cf28e6f113cc": [
          "568c6318-7827-46be-9342-6829b8f94248"
        ]
      },
      "children": {
        "674f4a57-35d0-4d44-b33f-952d6e4952f9": [
          "56889a7d-c038-45d6-9d76-119046204c4a",
          "17ab60ae-0cf6-46a2-a766-4bc75c45fc8c",
          "622b7faf-3c5f-4b40-b451-6668f535eed5",
          "bbc5ddc9-13e4-441b-a2af-257be7807e81",
          "9db61ecf-beb1-472e-83b1-1b22468f5b49",
          "568c6318-7827-46be-9342-6829b8f94248"
        ],
        "17ab60ae-0cf6-46a2-a766-4bc75c45fc8c": [
          "4261e288-da9f-43e5-93e8-b53e857b3b9c"
        ],
        "568c6318-7827-46be-9342-6829b8f94248": [
          "236b42fd-f635-4fc3-84f4-74dbd0ed148b",
          "3bbaa69c-2d4d-4454-96e4-19dba963abb9",
          "9614cbac-4416-474c-bb7b-b466f599ef8b",
          "b7b80788-a139-4ef1-86ff-2d0d442f5f8e",
          "c3537087-699f-4773-ac08-cf28e6f113cc"
        ],
        "7cf91f70-a1d1-42b0-8d39-e23bd062b764": [
          "21d8fb1e-31f5-4973-8614-e32ece816e61"
        ],
        "9ff8f17f-058c-4847-954f-93d74ff3d469": [
          "f709d491-e7f2-466b-b76b-34b9a6e771cd"
        ],
        "6b408e7a-8d90-45ba-a950-f261d9996125": [
          "6b9c735f-acd2-4dd7-b17d-dfe96a236656"
        ]
      }
    },
    {
      "parents": {
        "ef8f461a-1fd4-40ca-8a1a-9511587347e5": [],
        "7cf91f70-a1d1-42b0-8d39-e23bd062b764": [
          "ef8f461a-1fd4-40ca-8a1a-9511587347e5"
        ],
        "9ff8f17f-058c-4847-954f-93d74ff3d469": [
          "ef8f461a-1fd4-40ca-8a1a-9511587347e5"
        ],
        "6b408e7a-8d90-45ba-a950-f261d9996125": [
          "7cf91f70-a1d1-42b0-8d39-e23bd062b764"
        ],
        "82ac3833-fc94-4f4a-ab37-47fbe5ed65f8": [
          "ef8f461a-1fd4-40ca-8a1a-9511587347e5"
        ],
        "b2ba6a9e-38bd-42e6-8539-afe650c911dc": [
          "674f4a57-35d0-4d44-b33f-952d6e4952f9"
        ],
        "2a144660-7e2a-4af2-bf42-9328a03f6640": [
          "674f4a57-35d0-4d44-b33f-952d6e4952f9"
        ],
        "eb420d28-b0ac-461e-8bb9-784450a20be2": [
          "568c6318-7827-46be-9342-6829b8f94248"
        ],
        "1eccbc34-617e-49bd-8dcd-7aa22ad564bf": [
          "56889a7d-c038-45d6-9d76-119046204c4a"
        ],
        "dc1d54b6-6be9-42df-a3be-a8477fac91be": [
          "17ab60ae-0cf6-46a2-a766-4bc75c45fc8c"
        ],
        "fe1b2947-c122-47cc-a8d3-062604191d72": [
          "622b7faf-3c5f-4b40-b451-6668f535eed5"
        ],
        "8062e6e1-86ad-4118-a3dc-c4628c5e028e": [
          "568c6318-7827-46be-9342-6829b8f94248"
        ]
      },
      "children": {
        "ef8f461a-1fd4-40ca-8a1a-9511587347e5": [
          "7cf91f70-a1d1-42b0-8d39-e23bd062b764",
          "9ff8f17f-058c-4847-954f-93d74ff3d469",
          "82ac3833-fc94-4f4a-ab37-47fbe5ed65f8"
        ],
        "7cf91f70-a1d1-42b0-8d39-e23bd062b764": [
          "6b408e7a-8d90-45ba-a950-f261d9996125"
        ],
        "674f4a57-35d0-4d44-b33f-952d6e4952f9": [
          "b2ba6a9e-38bd-42e6-8539-afe650c911dc",
          "2a144660-7e2a-4af2-bf42-9328a03f6640"
        ],
        "568c6318-7827-46be-9342-6829b8f94248": [
          "eb420d28-b0ac-461e-8bb9-784450a20be2",
          "8062e6e1-86ad-4118-a3dc-c4628c5e028e"
        ],
        "56889a7d-c038-45d6-9d76-119046204c4a": [
          "1eccbc34-617e-49bd-8dcd-7aa22ad564bf"
        ],
        "17ab60ae-0cf6-46a2-a766-4bc75c45fc8c": [
          "dc1d54b6-6be9-42df-a3be-a8477fac91be"
        ],
        "622b7faf-3c5f-4b40-b451-6668f535eed5": [
          "fe1b2947-c122-47cc-a8d3-062604191d72"
        ]
      }
    }
  ],
  "use_dynamic_islands": true,
  "max_islands": 5,
  "last_spawn_iteration": -30,