{
  "id": "8062e6e1-86ad-4118-a3dc-c4628c5e028e",
  "generation": 2,
  "iteration": 20,
  "current_iteration": 20,
  "metrics": {
    "validity": 1.0,
    "sum_radii": 2.602756810009025,
    "target_ratio": 0.9877634952595922,
    "combined_score": 0.9877634952595922,
    "eval_time": 28.28849172592163
  },
  "language": "python",
  "timestamp": 1777224624.5448463,
  "saved_at": 1777224624.5524683
}