{
  "id": "81b2b571-e5f0-4c08-b517-d986736f59c6",
  "generation": 0,
  "iteration": 88,
  "timestamp": 1776434872.1119316,
  "parent_id": "790a2609-e14f-4542-8d56-c11835cfaf4d",
  "metrics": {
    "validity": 1.0,
    "sum_radii": 2.5565738788117094,
    "target_ratio": 0.9702367661524515,
    "combined_score": 0.9702367661524515,
    "eval_time": 293.017187833786,
    "test_validity": 1.0,
    "test_sum_radii": 2.5565738788117094,
    "test_target_ratio": 0.9702367661524515,
    "test_combined_score": 0.9702367661524515,
    "test_eval_time": 291.628977060318
  },
  "language": "python",
  "saved_at": 1776439425.7205944
}