{
  "num_islands": 2,
  "current_island": 0,
  "iteration_count": 19,
  "global_best_score": 0.9932909610109321,
  "decay": 0.9,
  "intensity_min": 0.15,
  "intensity_max": 0.5,
  "migration_interval": 15,
  "diversity_strategy_type": "code",
  "use_unified_archive": true,
  "use_adaptive_search": true,
  "use_ucb_selection": true,
  "fixed_intensity": 0.4,
  "adapter": {
    "states": [
      {
        "accumulated_signal": 0.13563279325992095,
        "best_score": 0.9932909610109321,
        "improvement_count": 4,
        "total_evaluations": 13,
        "decay": 0.9,
        "epsilon": 1e-08,
        "intensity_min": 0.15,
        "intensity_max": 0.5
      },
      {
        "accumulated_signal": 0.16186010547344648,
        "best_score": 0.9932909610109321,
        "improvement_count": 2,
        "total_evaluations": 11,
        "decay": 0.9,
        "epsilon": 1e-08,
        "intensity_min": 0.15,
        "intensity_max": 0.5
      }
    ],
    "dimension_visits": [
      13,
      11
    ],
    "dimension_rewards": [
      0.7312648829662296,
      0.5288429427596861
    ],
    "decayed_visits": [
      7.458134171671,
      6.861894039100001
    ],
    "global_best_score": 0.9932909610109321,
    "ucb_exploration": 1.41,
    "min_visits": 3,
    "decay": 0.9,
    "epsilon": 1e-08
  },
  "island_config_names": [
    "balanced",
    "balanced"
  ],
  "islands": [
    [
      "d68fd911-4238-4c1f-8e90-ae96713760cd",
      "cf0c7379-ecd5-4e0e-a529-07b40a67c2cd",
      "537a576e-84c4-41a7-a646-68f07b769e89",
      "b5cf3927-9db3-4a17-a1c9-943a3febd859",
      "8de00cda-da4a-4f7a-a4ec-a052ea3f162e",
      "e33e4582-01e9-4354-b666-3935d516e41f",
      "0473b3ed-1a47-4933-bafe-e16554ed30f2",
      "dd92264f-2b61-4694-bcc6-9424c7669699",
      "107a3c90-626f-4acc-9ff6-b59cc5836f5f",
      "7cd76847-a412-466a-ba85-9eecc91eb917",
      "cf3014d4-27ed-44a2-94b7-f09c1f4548ac",
      "fc0ef75f-20a0-4e3d-aacf-7412af99b882",
      "e5b5073d-4f03-4bba-be92-1f9dac00ce43"
    ],
    [
      "a3c6b5e4-7fc3-4bdb-b446-85d98c841024",
      "cc83758d-c55a-4a17-9e97-85392da9c61b",
      "34ede835-79bf-433d-be7e-4507f45e2603",
      "9a4c23ba-16b6-4348-a775-29c961eb4620",
      "ae1e3004-bf27-44f2-9fe3-0a57a2266cb6",
      "d6466242-14d6-4e4c-8933-992f5576b8e3",
      "ed87ef81-28df-4c6a-b628-d5340343f13b",
      "3a3315c0-44e0-4972-90cf-911993b36c33",
      "9dc8527a-a38e-4df1-938f-af35c9b5b297",
      "eec6ff37-65f6-4368-a300-725108a211d0",
      "e85dbf61-4164-4afb-85f3-c55f7f53bcaa",
      "241655e0-6c1a-4918-b998-f9e2f7aa45e1",
      "bcd54d5f-fa0f-4ddf-8b70-60db1acbe733",
      "f1a5aff1-4e1a-4745-b5c4-58276370498a",
      "0cd01962-a9ab-4b34-939f-d986d9fe1866",
      "45c23f68-4c56-4332-96e2-703bc1fea271"
    ]
  ],
  "archive_genealogies": [
    {
      "parents": {
        "d68fd911-4238-4c1f-8e90-ae96713760cd": [],
        "cf0c7379-ecd5-4e0e-a529-07b40a67c2cd": [
          "d68fd911-4238-4c1f-8e90-ae96713760cd"
        ],
        "537a576e-84c4-41a7-a646-68f07b769e89": [
          "cf0c7379-ecd5-4e0e-a529-07b40a67c2cd"
        ],
        "b5cf3927-9db3-4a17-a1c9-943a3febd859": [
          "cf0c7379-ecd5-4e0e-a529-07b40a67c2cd"
        ],
        "8de00cda-da4a-4f7a-a4ec-a052ea3f162e": [
          "537a576e-84c4-41a7-a646-68f07b769e89"
        ],
        "e33e4582-01e9-4354-b666-3935d516e41f": [
          "537a576e-84c4-41a7-a646-68f07b769e89"
        ],
        "0473b3ed-1a47-4933-bafe-e16554ed30f2": [
          "e33e4582-01e9-4354-b666-3935d516e41f"
        ],
        "dd92264f-2b61-4694-bcc6-9424c7669699": [
          "ed87ef81-28df-4c6a-b628-d5340343f13b"
        ],
        "107a3c90-626f-4acc-9ff6-b59cc5836f5f": [
          "ed87ef81-28df-4c6a-b628-d5340343f13b"
        ],
        "7cd76847-a412-466a-ba85-9eecc91eb917": [
          "cc83758d-c55a-4a17-9e97-85392da9c61b"
        ],
        "cf3014d4-27ed-44a2-94b7-f09c1f4548ac": [
          "ae1e3004-bf27-44f2-9fe3-0a57a2266cb6"
        ],
        "fc0ef75f-20a0-4e3d-aacf-7412af99b882": [
          "ed87ef81-28df-4c6a-b628-d5340343f13b"
        ],
        "e5b5073d-4f03-4bba-be92-1f9dac00ce43": [
          "ed87ef81-28df-4c6a-b628-d5340343f13b"
        ]
      },
      "children": {
        "d68fd911-4238-4c1f-8e90-ae96713760cd": [
          "cf0c7379-ecd5-4e0e-a529-07b40a67c2cd"
        ],
        "cf0c7379-ecd5-4e0e-a529-07b40a67c2cd": [
          "537a576e-84c4-41a7-a646-68f07b769e89",
          "b5cf3927-9db3-4a17-a1c9-943a3febd859"
        ],
        "537a576e-84c4-41a7-a646-68f07b769e89": [
          "8de00cda-da4a-4f7a-a4ec-a052ea3f162e",
          "e33e4582-01e9-4354-b666-3935d516e41f"
        ],
        "e33e4582-01e9-4354-b666-3935d516e41f": [
          "0473b3ed-1a47-4933-bafe-e16554ed30f2"
        ],
        "ed87ef81-28df-4c6a-b628-d5340343f13b": [
          "dd92264f-2b61-4694-bcc6-9424c7669699",
          "107a3c90-626f-4acc-9ff6-b59cc5836f5f",
          "fc0ef75f-20a0-4e3d-aacf-7412af99b882",
          "e5b5073d-4f03-4bba-be92-1f9dac00ce43"
        ],
        "cc83758d-c55a-4a17-9e97-85392da9c61b": [
          "7cd76847-a412-466a-ba85-9eecc91eb917"
        ],
        "ae1e3004-bf27-44f2-9fe3-0a57a2266cb6": [
          "cf3014d4-27ed-44a2-94b7-f09c1f4548ac"
        ]
      }
    },
    {
      "parents": {
        "a3c6b5e4-7fc3-4bdb-b446-85d98c841024": [],
        "cc83758d-c55a-4a17-9e97-85392da9c61b": [
          "a3c6b5e4-7fc3-4bdb-b446-85d98c841024"
        ],
        "34ede835-79bf-433d-be7e-4507f45e2603": [
          "cc83758d-c55a-4a17-9e97-85392da9c61b"
        ],
        "9a4c23ba-16b6-4348-a775-29c961eb4620": [
          "cc83758d-c55a-4a17-9e97-85392da9c61b"
        ],
        "ae1e3004-bf27-44f2-9fe3-0a57a2266cb6": [
          "a3c6b5e4-7fc3-4bdb-b446-85d98c841024"
        ],
        "d6466242-14d6-4e4c-8933-992f5576b8e3": [
          "ae1e3004-bf27-44f2-9fe3-0a57a2266cb6"
        ],
        "ed87ef81-28df-4c6a-b628-d5340343f13b": [
          "537a576e-84c4-41a7-a646-68f07b769e89"
        ],
        "3a3315c0-44e0-4972-90cf-911993b36c33": [
          "ed87ef81-28df-4c6a-b628-d5340343f13b"
        ],
        "9dc8527a-a38e-4df1-938f-af35c9b5b297": [
          "ed87ef81-28df-4c6a-b628-d5340343f13b"
        ],
        "eec6ff37-65f6-4368-a300-725108a211d0": [
          "537a576e-84c4-41a7-a646-68f07b769e89"
        ],
        "e85dbf61-4164-4afb-85f3-c55f7f53bcaa": [
          "b5cf3927-9db3-4a17-a1c9-943a3febd859"
        ],
        "241655e0-6c1a-4918-b998-f9e2f7aa45e1": [
          "cf0c7379-ecd5-4e0e-a529-07b40a67c2cd"
        ],
        "bcd54d5f-fa0f-4ddf-8b70-60db1acbe733": [
          "8de00cda-da4a-4f7a-a4ec-a052ea3f162e"
        ],
        "f1a5aff1-4e1a-4745-b5c4-58276370498a": [
          "ed87ef81-28df-4c6a-b628-d5340343f13b"
        ],
        "0cd01962-a9ab-4b34-939f-d986d9fe1866": [
          "ed87ef81-28df-4c6a-b628-d5340343f13b"
        ],
        "45c23f68-4c56-4332-96e2-703bc1fea271": [
          "ed87ef81-28df-4c6a-b628-d5340343f13b"
        ]
      },
      "children": {
        "a3c6b5e4-7fc3-4bdb-b446-85d98c841024": [
          "cc83758d-c55a-4a17-9e97-85392da9c61b",
          "ae1e3004-bf27-44f2-9fe3-0a57a2266cb6"
        ],
        "cc83758d-c55a-4a17-9e97-85392da9c61b": [
          "34ede835-79bf-433d-be7e-4507f45e2603",
          "9a4c23ba-16b6-4348-a775-29c961eb4620"
        ],
        "ae1e3004-bf27-44f2-9fe3-0a57a2266cb6": [
          "d6466242-14d6-4e4c-8933-992f5576b8e3"
        ],
        "537a576e-84c4-41a7-a646-68f07b769e89": [
          "ed87ef81-28df-4c6a-b628-d5340343f13b",
          "eec6ff37-65f6-4368-a300-725108a211d0"
        ],
        "ed87ef81-28df-4c6a-b628-d5340343f13b": [
          "3a3315c0-44e0-4972-90cf-911993b36c33",
          "9dc8527a-a38e-4df1-938f-af35c9b5b297",
          "f1a5aff1-4e1a-4745-b5c4-58276370498a",
          "0cd01962-a9ab-4b34-939f-d986d9fe1866",
          "45c23f68-4c56-4332-96e2-703bc1fea271"
        ],