{
  "id": "89f1bd90-295d-4f7f-9a9e-257958e3e907",
  "generation": 1,
  "iteration": 11,
  "timestamp": 1777122174.6283932,
  "parent_id": "33dde9f7-471c-4762-a986-4af8bf4d3003",
  "metrics": {
    "validity": 1.0,
    "sum_radii": 2.3354301387057266,
    "target_ratio": 0.8863112480856649,
    "combined_score": 0.8863112480856649,
    "eval_time": 347.34535026550293,
    "test_validity": 1.0,
    "test_sum_radii": 2.3354301387057266,
    "test_target_ratio": 0.8863112480856649,
    "test_combined_score": 0.8863112480856649,
    "test_eval_time": 345.2706844806671
  },
  "language": "python",
  "saved_at": 1777148056.7023218
}