{
  "id": "8f1c9da2-986e-4834-9e8a-7d63d1f0a161",
  "generation": 2,
  "iteration": 4,
  "current_iteration": 10,
  "metrics": {
    "validity": 1.0,
    "sum_radii": 1.6592772898651909,
    "target_ratio": 0.629706751371989,
    "combined_score": 0.629706751371989,
    "eval_time": 0.16585326194763184
  },
  "language": "python",
  "timestamp": 1775706104.2940574,
  "saved_at": 1775710391.841974
}