{
  "id": "29bd2d41-0be9-4e0a-83aa-0cb7a6d3d887",
  "generation": 5,
  "iteration": 31,
  "current_iteration": 50,
  "metrics": {
    "validity": 1.0,
    "sum_radii": 2.492495537448205,
    "target_ratio": 0.9459186100372695,
    "combined_score": 0.9459186100372695,
    "eval_time": 302.8647725582123
  },
  "language": "python",
  "timestamp": 1777142729.6782904,
  "saved_at": 1777154164.9092135
}