{
  "id": "7fd57e42-0f6b-4fae-b52c-885a6c0886ca",
  "generation": 4,
  "iteration": 84,
  "current_iteration": 100,
  "metrics": {
    "validity": 1.0,
    "sum_radii": 2.381354607279905,
    "target_ratio": 0.9037398889107799,
    "combined_score": 0.9037398889107799,
    "eval_time": 95.3074893951416
  },
  "language": "python",
  "timestamp": 1777277657.880231,
  "saved_at": 1777283449.9208295
}