{
  "id": "bf691ab8-9e5e-428a-b0ae-0b827866f4b8",
  "generation": 0,
  "iteration": 19,
  "current_iteration": 20,
  "metrics": {
    "validity": 1.0,
    "sum_radii": 1.6801122264855377,
    "target_ratio": 0.637613748191855,
    "combined_score": 0.637613748191855,
    "eval_time": 0.14427971839904785
  },
  "language": "python",
  "timestamp": 1776413350.3314235,
  "saved_at": 1776413423.0155442
}