{
  "id": "3a59ec25-cdf0-4afc-b9c4-32683746fe42",
  "generation": 3,
  "iteration": 34,
  "current_iteration": 60,
  "metrics": {
    "validity": 1.0,
    "sum_radii": 2.431827599214349,
    "target_ratio": 0.9228947245595253,
    "combined_score": 0.9228947245595253,
    "eval_time": 0.16172528266906738
  },
  "language": "python",
  "timestamp": 1776919740.533925,
  "saved_at": 1776925191.4268408
}