{
  "id": "b3e1fe89-c9cc-4ece-9c34-e6f673a1b190",
  "generation": 1,
  "iteration": 18,
  "current_iteration": 20,
  "metrics": {
    "validity": 1.0,
    "sum_radii": 1.2569293171946305,
    "target_ratio": 0.47701302360327535,
    "combined_score": 0.47701302360327535,
    "eval_time": 0.1770014762878418
  },
  "language": "python",
  "timestamp": 1777260021.2409027,
  "saved_at": 1777260753.645631
}