{
  "num_islands": 2,
  "current_island": 0,
  "iteration_count": 19,
  "global_best_score": 0.9522877750862234,
  "decay": 0.9,
  "intensity_min": 0.15,
  "intensity_max": 0.5,
  "migration_interval": 15,
  "diversity_strategy_type": "code",
  "use_unified_archive": true,
  "use_adaptive_search": true,
  "use_ucb_selection": true,
  "fixed_intensity": 0.4,
  "adapter": {
    "states": [
      {
        "accumulated_signal": 0.15392425601324994,
        "best_score": 0.9522877750862234,
        "improvement_count": 4,
        "total_evaluations": 13,
        "decay": 0.9,
        "epsilon": 1e-08,
        "intensity_min": 0.15,
        "intensity_max": 0.5
      },
      {
        "accumulated_signal": 0.1385485050598155,
        "best_score": 0.9522877750862234,
        "improvement_count": 4,
        "total_evaluations": 13,
        "decay": 0.9,
        "epsilon": 1e-08,
        "intensity_min": 0.15,
        "intensity_max": 0.5
      }
    ],
    "dimension_visits": [
      13,
      13
    ],
    "dimension_rewards": [
      0.6080187045001002,
      0.18050011021699713
    ],
    "decayed_visits": [
      7.458134171671,
      7.458134171671
    ],
    "global_best_score": 0.9522877750862234,
    "ucb_exploration": 1.41,
    "min_visits": 3,
    "decay": 0.9,
    "epsilon": 1e-08
  },
  "island_config_names": [
    "balanced",
    "balanced"
  ],
  "islands": [
    [
      "36a4d94f-3a98-4d2d-887d-ceef5ffe3f42",
      "ee96c4ec-9efb-4521-9299-6e03ec62af01",
      "79a7a736-ffe8-4bed-b34f-f1e051cb8dbf",
      "33f4cc52-b808-47e1-81b8-6b1fe3408c20",
      "2ae7f868-e7d6-4c50-87f4-b4976645f91f",
      "17f4a6ef-f33e-489e-b41f-1940fe86b566",
      "13c7a896-6c6b-4bd1-bc91-d4390b681ea0",
      "e858401c-ef98-4b51-bd09-c150f716d036",
      "8b9a49e9-ae72-49c9-ba6d-ca3f1ee628df",
      "6d5ddcd8-5eeb-4258-8b17-bdbc8a63dc7b",
      "4714ced3-5f8e-482c-a181-0d448f835e1c",
      "b678dfdf-05dd-4736-a573-c8a410cac017",
      "d5ec2f6e-a8ef-410c-a051-925aa7585033",
      "6bbcc306-b105-4ca1-9385-92b120359072",
      "bdda5630-8898-419a-9013-0d43aae7b52d"
    ],
    [
      "5861b323-e340-439e-8996-e6c9b4f90da2",
      "9715d9f9-fb4f-43a1-b855-84ee30cddd1b",
      "77aa9d9d-7c77-46c3-99a1-a1f4e4b4abc5",
      "4b43dbb4-2243-4b5d-bbef-afd08d640bb9",
      "44f92a9e-c9fe-46bd-9594-3a031430b1a7",
      "c261c32c-a771-4e9e-99cb-dc8bdac18d69",
      "97f94a32-96ef-40dd-84f7-95ef319a8cbf",
      "0be0d3f7-dcdf-4b62-a34f-f844c15c7b53",
      "216b4f0b-120e-4e5e-b5ec-8b1d0ee6336d",
      "4abd6993-5e50-4b39-ba3e-1e30258d78e0",
      "81a20311-aa4c-40a8-a760-af22a58ad661",
      "17168ab7-83dc-4414-9613-427d73480c81",
      "5f8c26ae-89d2-4108-89ea-9bbe2f3ce827",
      "77253702-cfbf-4ce3-b238-30e6384581ae"
    ]
  ],
  "archive_genealogies": [
    {
      "parents": {
        "36a4d94f-3a98-4d2d-887d-ceef5ffe3f42": [],
        "ee96c4ec-9efb-4521-9299-6e03ec62af01": [
          "36a4d94f-3a98-4d2d-887d-ceef5ffe3f42"
        ],
        "79a7a736-ffe8-4bed-b34f-f1e051cb8dbf": [
          "ee96c4ec-9efb-4521-9299-6e03ec62af01"
        ],
        "33f4cc52-b808-47e1-81b8-6b1fe3408c20": [
          "36a4d94f-3a98-4d2d-887d-ceef5ffe3f42"
        ],
        "2ae7f868-e7d6-4c50-87f4-b4976645f91f": [
          "33f4cc52-b808-47e1-81b8-6b1fe3408c20"
        ],
        "17f4a6ef-f33e-489e-b41f-1940fe86b566": [
          "ee96c4ec-9efb-4521-9299-6e03ec62af01"
        ],
        "13c7a896-6c6b-4bd1-bc91-d4390b681ea0": [
          "79a7a736-ffe8-4bed-b34f-f1e051cb8dbf"
        ],
        "e858401c-ef98-4b51-bd09-c150f716d036": [
          "17f4a6ef-f33e-489e-b41f-1940fe86b566"
        ],
        "8b9a49e9-ae72-49c9-ba6d-ca3f1ee628df": [
          "e858401c-ef98-4b51-bd09-c150f716d036"
        ],
        "6d5ddcd8-5eeb-4258-8b17-bdbc8a63dc7b": [
          "e858401c-ef98-4b51-bd09-c150f716d036"
        ],
        "4714ced3-5f8e-482c-a181-0d448f835e1c": [
          "c261c32c-a771-4e9e-99cb-dc8bdac18d69"
        ],
        "b678dfdf-05dd-4736-a573-c8a410cac017": [
          "77aa9d9d-7c77-46c3-99a1-a1f4e4b4abc5"
        ],
        "d5ec2f6e-a8ef-410c-a051-925aa7585033": [
          "2ae7f868-e7d6-4c50-87f4-b4976645f91f"
        ],
        "6bbcc306-b105-4ca1-9385-92b120359072": [
          "e858401c-ef98-4b51-bd09-c150f716d036"
        ],
        "bdda5630-8898-419a-9013-0d43aae7b52d": [
          "e858401c-ef98-4b51-bd09-c150f716d036"
        ]
      },
      "children": {
        "36a4d94f-3a98-4d2d-887d-ceef5ffe3f42": [
          "ee96c4ec-9efb-4521-9299-6e03ec62af01",
          "33f4cc52-b808-47e1-81b8-6b1fe3408c20"
        ],
        "ee96c4ec-9efb-4521-9299-6e03ec62af01": [
          "79a7a736-ffe8-4bed-b34f-f1e051cb8dbf",
          "17f4a6ef-f33e-489e-b41f-1940fe86b566"
        ],
        "33f4cc52-b808-47e1-81b8-6b1fe3408c20": [
          "2ae7f868-e7d6-4c50-87f4-b4976645f91f"
        ],
        "79a7a736-ffe8-4bed-b34f-f1e051cb8dbf": [
          "13c7a896-6c6b-4bd1-bc91-d4390b681ea0"
        ],
        "17f4a6ef-f33e-489e-b41f-1940fe86b566": [
          "e858401c-ef98-4b51-bd09-c150f716d036"
        ],
        "e858401c-ef98-4b51-bd09-c150f716d036": [
          "8b9a49e9-ae72-49c9-ba6d-ca3f1ee628df",
          "6d5ddcd8-5eeb-4258-8b17-bdbc8a63dc7b",
          "6bbcc306-b105-4ca1-9385-92b120359072",
          "bdda5630-8898-419a-9013-0d43aae7b52d"
        ],
        "c261c32c-a771-4e9e-99cb-dc8bdac18d69": [
          "4714ced3-5f8e-482c-a181-0d448f835e1c"
        ],
        "77aa9d9d-7c77-46c3-99a1-a1f4e4b4abc5": [
          "b678dfdf-05dd-4736-a573-c8a410cac017"
        ],
        "2ae7f868-e7d6-4c50-87f4-b4976645f91f": [
          "d5ec2f6e-a8ef-410c-a051-925aa7585033"
        ]
      }
    },
    {
      "parents": {
        "5861b323-e340-439e-8996-e6c9b4f90da2": [],
        "9715d9f9-fb4f-43a1-b855-84ee30cddd1b": [
          "5861b323-e340-439e-8996-e6c9b4f90da2"
        ],
        "77aa9d9d-7c77-46c3-99a1-a1f4e4b4abc5": [
          "9715d9f9-fb4f-43a1-b855-84ee30cddd1b"
        ],
        "4b43dbb4-2243-4b5d-bbef-afd08d640bb9": [
          "77aa9d9d-7c77-46c3-99a1-a1f4e4b4abc5"
        ],
        "44f92a9e-c9fe-46bd-9594-3a031430b1a7": [
          "4b43dbb4-2243-4b5d-bbef-afd08d640bb9"
        ],
        "c261c32c-a771-4e9e-99cb-dc8bdac18d69": [
          "77aa9d9d-7c77-46c3-99a1-a1f4e4b4abc5"
        ],
        "97f94a32-96ef-40dd-84f7-95ef319a8cbf": [
          "c261c32c-a771-4e9e-99cb-dc8bdac18d69"
        ],
        "0be0d3f7-dcdf-4b62-a34f-f844c15c7b53": [
          "e858401c-ef98-4b51-bd09-c150f716d036"
        ],
        "216b4f0b-120e-4e5e-b5ec-8b1d0ee6336d": [
          "17f4a6ef-f33e-489e-b41f-1940fe86b566"
        ],
        "4abd6993-5e50-4b39-ba3e-1e30258d78e0": [
          "13c7a896-6c6b-4bd1-bc91-d4390b681ea0"
        ],
        "81a20311-aa4c-40a8-a760-af22a58ad661": [
          "ee96c4ec-9efb-4521-9299-6e03ec62af01"
        ],
        "17168ab7-83dc-4414-9613-427d73480c81": [
          "8b9a49e9-ae72-49c9-ba6d-ca3f1ee628df"
        ],
        "5f8c26ae-89d2-4108-89ea-9bbe2f3ce827": [
          "0be0d3f7-dcdf-4b62-a34f-f844c15c7b53"
        ],
        "77253702-cfbf-4ce3-b238-30e6384581ae": [
          "17168ab7-83dc-4414-9613-427d73480c81"
        ]
      },
      "children": {
        "5861b323-e340-439e-8996-e6c9b4f90da2": [
          "9715d9f9-fb4f-43a1-b855-84ee30cddd1b"
        ],
        "9715d9f9-fb4f-43a1-b855-84ee30cddd1b": [
          "77aa9d9d-7c77-46c3-99a1-a1f4e4b4abc5"
        ],
        "77aa9d9d-7c77-46c3-99a1-a1f4e4b4abc5": [
          "4b43dbb4-2243-4b5d-bbef-afd08d640bb9",
          "c261c32c-a771-4e9e-99cb-dc8bdac18d69"
        ],
        "4b43dbb4-2243-4b5d-bbef-afd08d640bb9": [
          "44f92a9e-c9fe-46bd-9594-3a031430b1a7"
        ],
        "c261c32c-a771-4e9e-99cb-dc8bdac18d69": [
          "97f94a32-96ef-40dd-84f7-95ef319a8cbf"
        ],
        "e858401c-ef98-4b51-bd09-c150f716d036": [
          "0be0d3f7-dcdf-4b62-a34f-f844c15c7b53"
        ],