{
  "id": "045ba9b4-d7e1-42b1-a779-5a843a0e051a",
  "generation": 0,
  "iteration": 9,
  "current_iteration": 10,
  "metrics": {
    "validity": 1.0,
    "sum_radii": 2.169646264498505,
    "target_ratio": 0.8233951667926016,
    "combined_score": 0.8233951667926016,
    "eval_time": 0.2427968978881836
  },
  "language": "python",
  "timestamp": 1777260173.2479675,
  "saved_at": 1777260208.9367473
}