{
  "id": "3feff07b-209a-4685-b5e5-9b6d786771d0",
  "generation": 6,
  "iteration": 58,
  "current_iteration": 60,
  "metrics": {
    "validity": 1.0,
    "sum_radii": 2.5641717880736743,
    "target_ratio": 0.9731202231778651,
    "combined_score": 0.9731202231778651,
    "eval_time": 21.936782598495483
  },
  "language": "python",
  "timestamp": 1777160671.8631818,
  "saved_at": 1777161039.2542553
}