{
  "id": "a16c6579-4bc6-458b-b98b-3f9372fe77c3",
  "generation": 4,
  "iteration": 26,
  "current_iteration": 40,
  "metrics": {
    "validity": 1.0,
    "sum_radii": 2.4499999999999993,
    "target_ratio": 0.9297912713472484,
    "combined_score": 0.9297912713472484,
    "eval_time": 0.5783545970916748
  },
  "language": "python",
  "timestamp": 1776970307.0681076,
  "saved_at": 1776975075.1389692
}