{
  "id": "660445bb-63c2-4615-8379-799ad4e9b6aa",
  "generation": 3,
  "iteration": 6,
  "current_iteration": 10,
  "metrics": {
    "validity": 1.0,
    "sum_radii": 1.6396986356851848,
    "target_ratio": 0.6222765220816641,
    "combined_score": 0.6222765220816641,
    "eval_time": 0.23633098602294922
  },
  "language": "python",
  "timestamp": 1776962347.706926,
  "saved_at": 1776962894.906387
}