{
  "id": "72e5dde1-29a3-4e84-a8ba-dbf1ab8b3838",
  "generation": 0,
  "iteration": 99,
  "current_iteration": 100,
  "metrics": {
    "validity": 1.0,
    "sum_radii": 2.2922557355607363,
    "target_ratio": 0.8699262753551182,
    "combined_score": 0.8699262753551182,
    "eval_time": 250.19448900222778
  },
  "language": "python",
  "timestamp": 1776901766.131313,
  "saved_at": 1776901766.156125
}