{
  "id": "57e551a6-204f-44ed-ad0d-5485c1d40d51",
  "generation": 1,
  "iteration": 2,
  "current_iteration": 10,
  "metrics": {
    "validity": 1.0,
    "sum_radii": 2.4019237886466835,
    "target_ratio": 0.9115460298469388,
    "combined_score": 0.9115460298469388,
    "eval_time": 0.3191945552825928
  },
  "language": "python",
  "timestamp": 1775809978.5946236,
  "saved_at": 1775812461.914555
}