{
  "id": "6a4e44c9-572f-47d8-a95a-ddf3e9bbf9b9",
  "generation": 5,
  "iteration": 57,
  "current_iteration": 60,
  "metrics": {
    "validity": 1.0,
    "sum_radii": 2.613222372880723,
    "target_ratio": 0.9917352458750374,
    "combined_score": 0.9917352458750374,
    "eval_time": 4.107031583786011
  },
  "language": "python",
  "timestamp": 1777063596.1731632,
  "saved_at": 1777065698.585915
}