{
  "id": "02d2e8cf-4646-49cc-9716-77155d52f54d",
  "generation": 8,
  "iteration": 67,
  "timestamp": 1777071238.9272316,
  "parent_id": "f4aed581-d876-4779-a321-e05d0a5a3e20",
  "metrics": {
    "validity": 1.0,
    "sum_radii": 2.635983084936589,
    "target_ratio": 1.0003730872624625,
    "combined_score": 1.0003730872624625,
    "eval_time": 88.46375727653503,
    "test_validity": 1.0,
    "test_sum_radii": 2.635983084936589,
    "test_target_ratio": 1.0003730872624625,
    "test_combined_score": 1.0003730872624625,
    "test_eval_time": 151.10899591445923
  },
  "language": "python",
  "saved_at": 1777085397.9914973
}