{
  "id": "03b9f536-76ae-4cb6-a665-6e1d05bfb761",
  "generation": 2,
  "iteration": 89,
  "current_iteration": 90,
  "metrics": {
    "validity": 1.0,
    "sum_radii": 1.6795744044917655,
    "target_ratio": 0.6374096411733456,
    "combined_score": 0.6374096411733456,
    "eval_time": 0.6985397338867188
  },
  "language": "python",
  "timestamp": 1777115970.7235231,
  "saved_at": 1777116002.152485
}