{
  "id": "45abc6bd-9b44-4888-befe-9f049f0d8cf3",
  "generation": 6,
  "iteration": 39,
  "timestamp": 1777557310.4034493,
  "parent_id": "78143fae-f475-4e46-9bee-33f2342a821d",
  "metrics": {
    "validity": 1.0,
    "sum_radii": 2.620520384908167,
    "target_ratio": 0.9945048899082228,
    "combined_score": 0.9945048899082228,
    "eval_time": 29.142847299575806,
    "test_validity": 1.0,
    "test_sum_radii": 2.620520384908167,
    "test_target_ratio": 0.9945048899082228,
    "test_combined_score": 0.9945048899082228,
    "test_eval_time": 31.145474910736084
  },
  "language": "python",
  "saved_at": 1777567358.0776477,
  "budget": {
    "program_iteration": 39,
    "matched_iteration_by": "iteration",
    "run_summary": {
      "nominal_budget": 1.0,
      "total_cost": 1.00320806,
      "oob": true,
      "overshoot": 0.003208059999999957,
      "overshoot_ratio": 0.003208059999999957,
      "num_iterations": 57,
      "num_generation_calls": 56,
      "num_retry_calls": 1,
      "num_guide_calls": 5,
      "generation_cost_total": 0.89727164,
      "retry_cost_total": 0.020823559999999998,
      "guide_cost_total": 0.08511286,
      "component_cost_total": 1.00320806,
      "prompt_tokens_total": 465713,
      "completion_tokens_total": 290389,
      "input_tokens_total": 465713,
      "output_tokens_total": 290389,
      "total_tokens": 756102,
      "generation_prompt_tokens_total": 427532,
      "generation_completion_tokens_total": 256282,
      "generation_input_tokens_total": 427532,
      "generation_output_tokens_total": 256282,
      "generation_total_tokens": 683814,
      "retry_prompt_tokens_total": 7768,
      "retry_completion_tokens_total": 6622,
      "retry_input_tokens_total": 7768,
      "retry_output_tokens_total": 6622,
      "retry_total_tokens": 14390,
      "guide_prompt_tokens_total": 30413,
      "guide_completion_tokens_total": 27485,
      "guide_input_tokens_total": 30413,
      "guide_output_tokens_total": 27485,
      "guide_total_tokens": 57898,
      "avg_iteration_cost": 0.01760014140350877,
      "generation_cost_fraction": 0.8944023436175345,
      "retry_cost_fraction": 0.020756970393559237,
      "guide_cost_fraction": 0.08484068598890643,
      "best_score": 0.9945048899082228,
      "method": "costada",
      "task_family": "circle_packing",
      "task_name": "evaluator",
      "seed": null,
      "objective_key": "sum_radii",
      "best_objective": 2.620520384908167,
      "best_objective_iteration": 28,
      "best_combined_score": 0.9945048899082228,
      "best_combined_score_iteration": 28,
      "best_target_ratio": 0.9945048899082228,
      "best_target_ratio_iteration": 28,
      "target_value": null,
      "success_target": false,
      "cost_to_target": null,
      "iteration_to_target": null
    },
    "best_iteration_trace": {
      "iteration": 39,
      "source": "iteration",
      "frontier_id": 1,
      "method": "costada",
      "task_family": "circle_packing",
      "task_name": "evaluator",
      "seed": null,
      "selected_frontier": 1,
      "generation_cost": 0.01180212,
      "retry_cost": 0.0,
      "guide_cost": 0.02350784,
      "step_cost": 0.03530996,
      "iteration_cost": 0.03530996,
      "cumulative_cost": 0.6358753999999999,
      "cumulative_cost_after_step": 0.6358753999999999,
      "remaining_budget_ratio": 0.36412460000000013,
      "remaining_budget_ratio_before": 0.3994345600000001,
      "remaining_budget_ratio_after": 0.36412460000000013,
      "prompt_tokens": 13743,
      "completion_tokens": 11050,
      "input_tokens": 13743,
      "output_tokens": 11050,
      "model_name": "z-ai/glm-5",
      "candidate_score": 0.9945048899082228,
      "local_best": 0.9945048899082228,
      "global_best_before": 0.9945048899081922,
      "global_best_after": 0.9945048899082228,
      "global_best": 0.9945048899082228,
      "prompt_budget_mode": "standard",
      "local_search_mode": "exploitation",
      "explore_or_exploit": "exploitation",
      "explore": false,
      "tier": null,
      "base_tier": null,
      "final_tier": null,
      "tier_override_reason": null,
      "intensity": 0.4491171170736501,
      "lambda_t": 0.6358753999999999,
      "ref_cost": 0.01,
      "normalized_cost": 3.530992469007531,
      "ctilde": 3.530992469007531,
      "cost_phi": 1.5109410035797866,
      "cost_denominator": 1.960770215027698,
      "recent_improvement_avg": 5.10702591327572e-15,
      "recent_H_avg": 0.027791910636118574,
      "recent_utility_avg": 2.6189936019056222e-15,
      "stagnation_steps": 6,
      "local_gain": 3.0811467887787917e-14,
      "global_gain": 3.0811467887787917e-14,
      "frontier_improvement": 3.064215547965432e-14,
      "local_gain_normalized": 3.0811467887787917e-14,
      "global_gain_normalized": 3.0811467887787917e-14,
      "utility": 1.5713961611433734e-14,
      "frontier_signal": 0.026043733691421732,
      "budget_bin": null,
      "action_family": null,
      "action_tier": null,
      "frontier_gain": null,
      "routing_reward": 1.5713961611433734e-14,
      "routing_stat": 0.00025212534967241756,
      "router_reward": 1.5713961611433734e-14,
      "meta_triggered": true,
      "guidance_scheduled": true,
      "guidance_triggered": true,
      "whether_guidance_triggered": true,
      "stagnant": true,
      "low_recent_utility": true,
      "affordable_guidance": true,
      "guidance_available": true,
      "meta_sources": [],
      "guide_triggered": true,
      "guide_skipped_reason": null,
      "paradigm_triggered": true,
      "paradigm_count": 3,
      "attempts_used": 1,
      "num_calls": 2,
      "num_generation_calls_this_iteration": 1,
      "num_retry_calls_this_iteration": 0,
      "num_guide_calls_this_iteration": 1,
      "total_tokens": 24793,
      "generation_prompt_tokens": 7671,
      "generation_completion_tokens": 2730,
      "generation_input_tokens": 7671,
      "generation_output_tokens": 2730,
      "retry_prompt_tokens": 0,
      "retry_completion_tokens": 0,
      "retry_input_tokens": 0,
      "retry_output_tokens": 0,
      "guide_prompt_tokens": 6072,
      "guide_completion_tokens": 8320,
      "guide_input_tokens": 6072,
      "guide_output_tokens": 8320,
      "prompt_component_cost_composition": {
        "generation": 0.01180212,
        "retry": 0.0,
        "guide": 0.02350784
      },
      "objective_key": "sum_radii",
      "objective_value": 2.620520384908167,
      "best_so_far_objective": 2.620520384908167,
      "best_so_far_objective_iteration": 28,
      "target_value": null,
      "target_ratio": 0.9945048899082228,
      "best_so_far_target_ratio": 0.9945048899082228,
      "best_so_far_target_ratio_iteration": 28,
      "combined_score": 0.9945048899082228,
      "best_so_far_combined_score": 0.9945048899082228,
      "best_so_far_combined_score_iteration": 28,
      "validity": 1.0,
      "eval_time": 59.66135907173157,
      "metrics_raw": {
        "validity": 1.0,
        "sum_radii": 2.620520384908167,
        "target_ratio": 0.9945048899082228,
        "combined_score": 0.9945048899082228,
        "eval_time": 29.142847299575806
      },
      "call_roles": [
        "guide",
        "generation"
      ],
      "call_model_names": [
        "z-ai/glm-5",
        "z-ai/glm-5"
      ],
      "call_prompt_tokens": [
        6072,
        7671
      ],
      "call_completion_tokens": [
        8320,
        2730
      ],
      "call_input_tokens": [
        6072,
        7671
      ],
      "call_output_tokens": [
        8320,
        2730
      ],
      "call_total_tokens": [
        14392,
        10401
      ],
      "call_costs": [
        0.02350784,
        0.01180212
      ],
      "calls": [
        {
          "role": "guide",
          "model_name": "z-ai/glm-5",
          "input_tokens": 6072,
          "output_tokens": 8320,
          "total_tokens": 14392,
          "raw_cost": 0.02350784,
          "meta": {
            "source": "paradigm_generation",