{
  "num_islands": 2,
  "current_island": 1,
  "iteration_count": 9,
  "global_best_score": 0.5963024618908521,
  "decay": 0.9,
  "intensity_min": 0.15,
  "intensity_max": 0.5,
  "migration_interval": 15,
  "diversity_strategy_type": "code",
  "use_unified_archive": true,
  "use_adaptive_search": true,
  "use_ucb_selection": true,
  "fixed_intensity": 0.4,
  "adapter": {
    "states": [
      {
        "accumulated_signal": 0.10145606480668214,
        "best_score": 0.5963024618908521,
        "improvement_count": 3,
        "total_evaluations": 6,
        "decay": 0.9,
        "epsilon": 1e-08,
        "intensity_min": 0.15,
        "intensity_max": 0.5
      },
      {
        "accumulated_signal": 0.13056956329966748,
        "best_score": 0.5962348260674619,
        "improvement_count": 1,
        "total_evaluations": 5,
        "decay": 0.9,
        "epsilon": 1e-08,
        "intensity_min": 0.15,
        "intensity_max": 0.5
      }
    ],
    "dimension_visits": [
      6,
      5
    ],
    "dimension_rewards": [
      0.9806491829139264,
      0.2552628071816633
    ],
    "decayed_visits": [
      4.68559,
      4.0951
    ],
    "global_best_score": 0.5963024618908521,
    "ucb_exploration": 1.41,
    "min_visits": 3,
    "decay": 0.9,
    "epsilon": 1e-08
  },
  "island_config_names": [
    "balanced",
    "balanced"
  ],
  "islands": [
    [
      "d68fd911-4238-4c1f-8e90-ae96713760cd",
      "cf0c7379-ecd5-4e0e-a529-07b40a67c2cd",
      "537a576e-84c4-41a7-a646-68f07b769e89",
      "b5cf3927-9db3-4a17-a1c9-943a3febd859",
      "8de00cda-da4a-4f7a-a4ec-a052ea3f162e",
      "e33e4582-01e9-4354-b666-3935d516e41f"
    ],
    [
      "a3c6b5e4-7fc3-4bdb-b446-85d98c841024",
      "cc83758d-c55a-4a17-9e97-85392da9c61b",
      "34ede835-79bf-433d-be7e-4507f45e2603",
      "9a4c23ba-16b6-4348-a775-29c961eb4620",
      "ae1e3004-bf27-44f2-9fe3-0a57a2266cb6",
      "d6466242-14d6-4e4c-8933-992f5576b8e3"
    ]
  ],
  "archive_genealogies": [
    {
      "parents": {
        "d68fd911-4238-4c1f-8e90-ae96713760cd": [],
        "cf0c7379-ecd5-4e0e-a529-07b40a67c2cd": [
          "d68fd911-4238-4c1f-8e90-ae96713760cd"
        ],
        "537a576e-84c4-41a7-a646-68f07b769e89": [
          "cf0c7379-ecd5-4e0e-a529-07b40a67c2cd"
        ],
        "b5cf3927-9db3-4a17-a1c9-943a3febd859": [
          "cf0c7379-ecd5-4e0e-a529-07b40a67c2cd"
        ],
        "8de00cda-da4a-4f7a-a4ec-a052ea3f162e": [
          "537a576e-84c4-41a7-a646-68f07b769e89"
        ],
        "e33e4582-01e9-4354-b666-3935d516e41f": [
          "537a576e-84c4-41a7-a646-68f07b769e89"
        ]
      },
      "children": {
        "d68fd911-4238-4c1f-8e90-ae96713760cd": [
          "cf0c7379-ecd5-4e0e-a529-07b40a67c2cd"
        ],
        "cf0c7379-ecd5-4e0e-a529-07b40a67c2cd": [
          "537a576e-84c4-41a7-a646-68f07b769e89",
          "b5cf3927-9db3-4a17-a1c9-943a3febd859"
        ],
        "537a576e-84c4-41a7-a646-68f07b769e89": [
          "8de00cda-da4a-4f7a-a4ec-a052ea3f162e",
          "e33e4582-01e9-4354-b666-3935d516e41f"
        ]
      }
    },
    {
      "parents": {
        "a3c6b5e4-7fc3-4bdb-b446-85d98c841024": [],
        "cc83758d-c55a-4a17-9e97-85392da9c61b": [
          "a3c6b5e4-7fc3-4bdb-b446-85d98c841024"
        ],
        "34ede835-79bf-433d-be7e-4507f45e2603": [
          "cc83758d-c55a-4a17-9e97-85392da9c61b"
        ],
        "9a4c23ba-16b6-4348-a775-29c961eb4620": [
          "cc83758d-c55a-4a17-9e97-85392da9c61b"
        ],
        "ae1e3004-bf27-44f2-9fe3-0a57a2266cb6": [
          "a3c6b5e4-7fc3-4bdb-b446-85d98c841024"
        ],
        "d6466242-14d6-4e4c-8933-992f5576b8e3": [
          "ae1e3004-bf27-44f2-9fe3-0a57a2266cb6"
        ]
      },
      "children": {
        "a3c6b5e4-7fc3-4bdb-b446-85d98c841024": [
          "cc83758d-c55a-4a17-9e97-85392da9c61b",
          "ae1e3004-bf27-44f2-9fe3-0a57a2266cb6"
        ],
        "cc83758d-c55a-4a17-9e97-85392da9c61b": [
          "34ede835-79bf-433d-be7e-4507f45e2603",
          "9a4c23ba-16b6-4348-a775-29c961eb4620"
        ],
        "ae1e3004-bf27-44f2-9fe3-0a57a2266cb6": [
          "d6466242-14d6-4e4c-8933-992f5576b8e3"
        ]
      }
    }
  ],
  "use_dynamic_islands": true,
  "max_islands": 5,
  "last_spawn_iteration": -30,
  "use_paradigm_breakthrough": true,
  "paradigm_tracker": {
    "window_size": 10,
    "improvement_threshold": 0.12,
    "max_paradigm_uses": 2,
    "max_tried_paradigms": 10,
    "num_paradigms_to_generate": 3,
    "improvement_history": [
      1.0,
      1.0,
      0.0,
      0.0,
      0.0,
      0.0,
      0.0,
      0.0,
      0.0,
      0.0
    ],
    "active_paradigms": [],
    "paradigm_usage_counts": {},
    "current_paradigm_index": 0,
    "tried_paradigms": [],
    "best_score_at_paradigm_gen": 0.0,
    "best_score_during_paradigm": 0.0
  }
}