{
  "num_islands": 2,
  "current_island": 1,
  "iteration_count": 9,
  "global_best_score": 0.6017250956329812,
  "decay": 0.9,
  "intensity_min": 0.15,
  "intensity_max": 0.5,
  "migration_interval": 15,
  "diversity_strategy_type": "code",
  "use_unified_archive": true,
  "use_adaptive_search": true,
  "use_ucb_selection": true,
  "fixed_intensity": 0.4,
  "adapter": {
    "states": [
      {
        "accumulated_signal": 0.09355197532216082,
        "best_score": 0.6017250956329812,
        "improvement_count": 4,
        "total_evaluations": 6,
        "decay": 0.9,
        "epsilon": 1e-08,
        "intensity_min": 0.15,
        "intensity_max": 0.5
      },
      {
        "accumulated_signal": 0.1283842359411313,
        "best_score": 0.5898999148005476,
        "improvement_count": 1,
        "total_evaluations": 5,
        "decay": 0.9,
        "epsilon": 1e-08,
        "intensity_min": 0.15,
        "intensity_max": 0.5
      }
    ],
    "dimension_visits": [
      6,
      5
    ],
    "dimension_rewards": [
      1.020500821418879,
      0.25172374878041753
    ],
    "decayed_visits": [
      4.68559,
      4.0951
    ],
    "global_best_score": 0.6017250956329812,
    "ucb_exploration": 1.41,
    "min_visits": 3,
    "decay": 0.9,
    "epsilon": 1e-08
  },
  "island_config_names": [
    "balanced",
    "balanced"
  ],
  "islands": [
    [
      "af7db79e-67db-45e0-999f-6a29fad82583",
      "e3f384a9-e6d1-4ca6-a625-45d048e84fcd",
      "4d0b7f30-6f5c-46f6-b958-7dab103e9fb0",
      "67429302-2744-4c84-9886-c9185482d5c5",
      "46d60193-33e1-4c0f-b729-66a0f2f38979",
      "ac08df99-25b2-4cc7-bd00-c5ce4dc64319"
    ],
    [
      "cd17956a-472e-4fb6-b0f4-c60b3275ef06",
      "07d12f55-1332-44ed-8569-e1f51073f205",
      "297da373-5c91-4db4-868c-d76f3279a86e",
      "d3715a59-87af-4b0e-aa43-357da0b6d1b6",
      "c213a492-7a65-464d-a78c-cb049bb3c265",
      "213779f5-a856-49ea-8a68-c10e939152cc"
    ]
  ],
  "archive_genealogies": [
    {
      "parents": {
        "af7db79e-67db-45e0-999f-6a29fad82583": [],
        "e3f384a9-e6d1-4ca6-a625-45d048e84fcd": [
          "af7db79e-67db-45e0-999f-6a29fad82583"
        ],
        "4d0b7f30-6f5c-46f6-b958-7dab103e9fb0": [
          "e3f384a9-e6d1-4ca6-a625-45d048e84fcd"
        ],
        "67429302-2744-4c84-9886-c9185482d5c5": [
          "4d0b7f30-6f5c-46f6-b958-7dab103e9fb0"
        ],
        "46d60193-33e1-4c0f-b729-66a0f2f38979": [
          "4d0b7f30-6f5c-46f6-b958-7dab103e9fb0"
        ],
        "ac08df99-25b2-4cc7-bd00-c5ce4dc64319": [
          "4d0b7f30-6f5c-46f6-b958-7dab103e9fb0"
        ]
      },
      "children": {
        "af7db79e-67db-45e0-999f-6a29fad82583": [
          "e3f384a9-e6d1-4ca6-a625-45d048e84fcd"
        ],
        "e3f384a9-e6d1-4ca6-a625-45d048e84fcd": [
          "4d0b7f30-6f5c-46f6-b958-7dab103e9fb0"
        ],
        "4d0b7f30-6f5c-46f6-b958-7dab103e9fb0": [
          "67429302-2744-4c84-9886-c9185482d5c5",
          "46d60193-33e1-4c0f-b729-66a0f2f38979",
          "ac08df99-25b2-4cc7-bd00-c5ce4dc64319"
        ]
      }
    },
    {
      "parents": {
        "cd17956a-472e-4fb6-b0f4-c60b3275ef06": [],
        "07d12f55-1332-44ed-8569-e1f51073f205": [
          "cd17956a-472e-4fb6-b0f4-c60b3275ef06"
        ],
        "297da373-5c91-4db4-868c-d76f3279a86e": [
          "07d12f55-1332-44ed-8569-e1f51073f205"
        ],
        "d3715a59-87af-4b0e-aa43-357da0b6d1b6": [
          "07d12f55-1332-44ed-8569-e1f51073f205"
        ],
        "c213a492-7a65-464d-a78c-cb049bb3c265": [
          "07d12f55-1332-44ed-8569-e1f51073f205"
        ],
        "213779f5-a856-49ea-8a68-c10e939152cc": [
          "07d12f55-1332-44ed-8569-e1f51073f205"
        ]
      },
      "children": {
        "cd17956a-472e-4fb6-b0f4-c60b3275ef06": [
          "07d12f55-1332-44ed-8569-e1f51073f205"
        ],
        "07d12f55-1332-44ed-8569-e1f51073f205": [
          "297da373-5c91-4db4-868c-d76f3279a86e",
          "d3715a59-87af-4b0e-aa43-357da0b6d1b6",
          "c213a492-7a65-464d-a78c-cb049bb3c265",
          "213779f5-a856-49ea-8a68-c10e939152cc"
        ]
      }
    }
  ],
  "use_dynamic_islands": true,
  "max_islands": 5,
  "last_spawn_iteration": -30,
  "use_paradigm_breakthrough": true,
  "paradigm_tracker": {
    "window_size": 10,
    "improvement_threshold": 0.12,
    "max_paradigm_uses": 2,
    "max_tried_paradigms": 10,
    "num_paradigms_to_generate": 3,
    "improvement_history": [
      1.0,
      1.0,
      1.0,
      0.0,
      0.0,
      0.0,
      0.0,
      0.0,
      1.0,
      0.0
    ],
    "active_paradigms": [],
    "paradigm_usage_counts": {},
    "current_paradigm_index": 0,
    "tried_paradigms": [],
    "best_score_at_paradigm_gen": 0.0,
    "best_score_during_paradigm": 0.0
  }
}