{
  "id": "81b2b571-e5f0-4c08-b517-d986736f59c6",
  "generation": 0,
  "iteration": 88,
  "current_iteration": 100,
  "metrics": {
    "validity": 1.0,
    "sum_radii": 2.5565738788117094,
    "target_ratio": 0.9702367661524515,
    "combined_score": 0.9702367661524515,
    "eval_time": 293.017187833786
  },
  "language": "python",
  "timestamp": 1776434872.1119316,
  "saved_at": 1776438842.8278399
}