{
  "id": "00408a53-e737-4bad-9902-5dcbfd89dd1e",
  "generation": 6,
  "iteration": 49,
  "current_iteration": 50,
  "metrics": {
    "validity": 1.0,
    "sum_radii": 2.425782550907474,
    "target_ratio": 0.9206005885796866,
    "combined_score": 0.9206005885796866,
    "eval_time": 27.935619354248047
  },
  "language": "python",
  "timestamp": 1776099873.3584926,
  "saved_at": 1776100618.6988368
}