{
  "id": "7fd57e42-0f6b-4fae-b52c-885a6c0886ca",
  "generation": 4,
  "iteration": 84,
  "timestamp": 1777277657.880231,
  "parent_id": "5599fc23-cfb7-4f4a-bb89-31ebbd25b357",
  "metrics": {
    "validity": 1.0,
    "sum_radii": 2.381354607279905,
    "target_ratio": 0.9037398889107799,
    "combined_score": 0.9037398889107799,
    "eval_time": 95.3074893951416,
    "test_validity": 1.0,
    "test_sum_radii": 2.320879202946444,
    "test_target_ratio": 0.8807890713269237,
    "test_combined_score": 0.8807890713269237,
    "test_eval_time": 96.27342367172241
  },
  "language": "python",
  "saved_at": 1777283641.991705
}