{
  "id": "05844236-113c-4fd6-b3e5-00c95d8e7405",
  "generation": 4,
  "iteration": 43,
  "current_iteration": 60,
  "metrics": {
    "validity": 1.0,
    "sum_radii": 2.6213024702487684,
    "target_ratio": 0.9948016964890962,
    "combined_score": 0.9948016964890962,
    "eval_time": 30.978583335876465
  },
  "language": "python",
  "timestamp": 1775842005.7407079,
  "saved_at": 1775848547.7694013
}