{
  "id": "39b075b8-a8ef-4c33-9aef-e2e6a79bd982",
  "generation": 0,
  "iteration": 69,
  "current_iteration": 70,
  "metrics": {
    "validity": 1.0,
    "sum_radii": 2.525410149244089,
    "target_ratio": 0.9584099238117986,
    "combined_score": 0.9584099238117986,
    "eval_time": 103.47144031524658
  },
  "language": "python",
  "timestamp": 1777066122.7549374,
  "saved_at": 1777066267.7804828
}