{
  "id": "ff88e748-47a6-465a-b832-76125a43db54",
  "generation": 7,
  "iteration": 52,
  "timestamp": 1776102290.6721685,
  "parent_id": "7bf0694c-0d23-40f6-9585-9fb45d1d71e4",
  "metrics": {
    "validity": 1.0,
    "sum_radii": 2.426747325684584,
    "target_ratio": 0.9209667270150225,
    "combined_score": 0.9209667270150225,
    "eval_time": 245.69576978683472,
    "test_validity": 1.0,
    "test_sum_radii": 2.426747325684584,
    "test_target_ratio": 0.9209667270150225,
    "test_combined_score": 0.9209667270150225,
    "test_eval_time": 206.38207387924194
  },
  "language": "python",
  "saved_at": 1776124069.0518446
}