{
  "id": "317da2cb-75ac-47f1-9f75-56dc1eb2587a",
  "generation": 0,
  "iteration": 88,
  "current_iteration": 100,
  "metrics": {
    "validity": 1.0,
    "sum_radii": 2.5254137739921676,
    "target_ratio": 0.9584112994277677,
    "combined_score": 0.9584112994277677,
    "eval_time": 140.12833976745605
  },
  "language": "python",
  "timestamp": 1777079751.62445,
  "saved_at": 1777085563.3638296
}