{
  "num_islands": 2,
  "current_island": 1,
  "iteration_count": 39,
  "global_best_score": 0.6385057677880265,
  "decay": 0.9,
  "intensity_min": 0.15,
  "intensity_max": 0.5,
  "migration_interval": 15,
  "diversity_strategy_type": "code",
  "use_unified_archive": true,
  "use_adaptive_search": true,
  "use_ucb_selection": true,
  "fixed_intensity": 0.4,
  "adapter": {
    "states": [
      {
        "accumulated_signal": 0.0934564258089382,
        "best_score": 0.6385057677880265,
        "improvement_count": 4,
        "total_evaluations": 23,
        "decay": 0.9,
        "epsilon": 1e-08,
        "intensity_min": 0.15,
        "intensity_max": 0.5
      },
      {
        "accumulated_signal": 0.05432708033331341,
        "best_score": 0.6385057677880265,
        "improvement_count": 7,
        "total_evaluations": 21,
        "decay": 0.9,
        "epsilon": 1e-08,
        "intensity_min": 0.15,
        "intensity_max": 0.5
      }
    ],
    "dimension_visits": [
      23,
      21
    ],
    "dimension_rewards": [
      0.1940762282555381,
      0.13182037183756118
    ],
    "decayed_visits": [
      9.113706188034751,
      8.905810108684877
    ],
    "global_best_score": 0.6385057677880265,
    "ucb_exploration": 1.41,
    "min_visits": 3,
    "decay": 0.9,
    "epsilon": 1e-08
  },
  "island_config_names": [
    "balanced",
    "balanced"
  ],
  "islands": [
    [
      "eeca7b2c-baa4-40b1-9152-0637e10b441d",
      "e579f43e-43eb-46f8-9fb9-d8ebbdc3b1cf",
      "983777e6-b16c-4f05-a2b3-4fad31e8d084",
      "1163b35a-bdd5-49dc-b76c-7e2e6a91f959",
      "7b53d30a-60dd-4a52-8097-2186389e5ec3",
      "3e8fa639-99a7-41d7-bb51-e3857b73d4b8",
      "7c533df0-a017-41d1-8d6d-a6ee9284187e",
      "61e7d376-36e8-474f-bdbd-d0d438b9f886",
      "71b4e9f2-ac28-4304-a59e-a6d3dcb61fd5",
      "b1eede5d-bd60-4663-8d25-7744869a3d49",
      "454e7c67-4f62-4861-b012-98308d9abb37",
      "a84a5a30-def9-45c0-b057-e09149677301",
      "3fbef846-a2f4-4980-94a2-137e1ac8d27f",
      "429057cd-d5c7-48ff-82d8-df5ae9b8b671",
      "70358113-d968-4ab2-97eb-db4288ce88da",
      "e42071b8-e306-49cb-8cef-9ca28e189135",
      "4f228930-2a15-4f7d-b28b-625838cea8a5",
      "0673475f-1d31-42b7-ac1c-7ed817eb3094",
      "d420bc1c-13c0-4bd9-acec-d89901971b9c",
      "ba9bfbd4-4e5a-470b-bc86-11cab51f1549"
    ],
    [
      "153a3389-ce01-4428-b8e8-ce2356e288af",
      "3b9ecaef-6efb-4420-9d04-612a339a108d",
      "d79a4e87-0213-46b1-85e0-a4d8ef89a114",
      "29fa132b-156e-412e-943e-359a36f6647a",
      "a7807036-0de8-4333-923b-d909f71fd5bc",
      "6a80c18d-6cd1-4c66-9545-18c682f5f261",
      "6e9e09a9-1da1-44d9-ac38-250c2bea7fd6",
      "7d1ab894-8fec-4480-96ff-a094b852e0e5",
      "6bd6cf8e-5e95-4ce5-a3ac-2d23410aa51b",
      "a5e498dc-a6ed-4a00-9fcd-bcf3e4abf16b",
      "5ec43c71-99c4-47be-a96e-c41af211d1d6",
      "55ff43f4-212d-4fa6-a0a2-f763f2daafa2",
      "d4219f59-c12b-4129-b83c-24d4ded5f3cf",
      "3da8103e-01b0-4768-b95b-bf2753545af3",
      "7306e919-63eb-4929-a693-149bb4a097d9",
      "4a5af72b-7d60-45af-9491-b8d2f99c5300",
      "83ec1051-3fd9-4f1c-956d-e670ada3c9e7",
      "f40dc972-b3a5-46f6-858e-ea6b9e113dbd",
      "226dd632-b923-4374-a3cd-ae496a23e781",
      "d7eaa057-625d-4503-82df-bfd593e04106"
    ]
  ],
  "archive_genealogies": [
    {
      "parents": {
        "eeca7b2c-baa4-40b1-9152-0637e10b441d": [],
        "e579f43e-43eb-46f8-9fb9-d8ebbdc3b1cf": [
          "eeca7b2c-baa4-40b1-9152-0637e10b441d"
        ],
        "983777e6-b16c-4f05-a2b3-4fad31e8d084": [
          "eeca7b2c-baa4-40b1-9152-0637e10b441d"
        ],
        "1163b35a-bdd5-49dc-b76c-7e2e6a91f959": [
          "eeca7b2c-baa4-40b1-9152-0637e10b441d"
        ],
        "7b53d30a-60dd-4a52-8097-2186389e5ec3": [
          "1163b35a-bdd5-49dc-b76c-7e2e6a91f959"
        ],
        "3e8fa639-99a7-41d7-bb51-e3857b73d4b8": [
          "eeca7b2c-baa4-40b1-9152-0637e10b441d"
        ],
        "7c533df0-a017-41d1-8d6d-a6ee9284187e": [
          "eeca7b2c-baa4-40b1-9152-0637e10b441d"
        ],
        "61e7d376-36e8-474f-bdbd-d0d438b9f886": [
          "7c533df0-a017-41d1-8d6d-a6ee9284187e"
        ],
        "71b4e9f2-ac28-4304-a59e-a6d3dcb61fd5": [
          "6e9e09a9-1da1-44d9-ac38-250c2bea7fd6"
        ],
        "b1eede5d-bd60-4663-8d25-7744869a3d49": [
          "955e2a39-4d76-4d1b-a5eb-a2524554df95"
        ],
        "454e7c67-4f62-4861-b012-98308d9abb37": [
          "a7807036-0de8-4333-923b-d909f71fd5bc"
        ],
        "a84a5a30-def9-45c0-b057-e09149677301": [
          "f649a8ea-7864-4645-9f12-e7b1ccf64fe5"
        ],
        "3fbef846-a2f4-4980-94a2-137e1ac8d27f": [
          "32422e56-2e91-4bb6-9d26-16f4b289ade1"
        ],
        "429057cd-d5c7-48ff-82d8-df5ae9b8b671": [
          "a84a5a30-def9-45c0-b057-e09149677301"
        ],
        "70358113-d968-4ab2-97eb-db4288ce88da": [
          "4a5af72b-7d60-45af-9491-b8d2f99c5300"
        ],
        "e42071b8-e306-49cb-8cef-9ca28e189135": [
          "a5e498dc-a6ed-4a00-9fcd-bcf3e4abf16b"
        ],
        "4f228930-2a15-4f7d-b28b-625838cea8a5": [
          "b1eede5d-bd60-4663-8d25-7744869a3d49"
        ],
        "0673475f-1d31-42b7-ac1c-7ed817eb3094": [
          "f649a8ea-7864-4645-9f12-e7b1ccf64fe5"
        ],
        "d420bc1c-13c0-4bd9-acec-d89901971b9c": [
          "61e7d376-36e8-474f-bdbd-d0d438b9f886"
        ],
        "ba9bfbd4-4e5a-470b-bc86-11cab51f1549": [
          "e42071b8-e306-49cb-8cef-9ca28e189135"
        ]
      },
      "children": {
        "eeca7b2c-baa4-40b1-9152-0637e10b441d": [
          "e579f43e-43eb-46f8-9fb9-d8ebbdc3b1cf",
          "983777e6-b16c-4f05-a2b3-4fad31e8d084",
          "1163b35a-bdd5-49dc-b76c-7e2e6a91f959",
          "3e8fa639-99a7-41d7-bb51-e3857b73d4b8",
          "7c533df0-a017-41d1-8d6d-a6ee9284187e"
        ],
        "1163b35a-bdd5-49dc-b76c-7e2e6a91f959": [
          "7b53d30a-60dd-4a52-8097-2186389e5ec3"
        ],
        "7c533df0-a017-41d1-8d6d-a6ee9284187e": [
          "61e7d376-36e8-474f-bdbd-d0d438b9f886"
        ],
        "6e9e09a9-1da1-44d9-ac38-250c2bea7fd6": [
          "71b4e9f2-ac28-4304-a59e-a6d3dcb61fd5"
        ],
        "955e2a39-4d76-4d1b-a5eb-a2524554df95": [
          "b1eede5d-bd60-4663-8d25-7744869a3d49"
        ],
        "a7807036-0de8-4333-923b-d909f71fd5bc": [
          "454e7c67-4f62-4861-b012-98308d9abb37"
        ],
        "a84a5a30-def9-45c0-b057-e09149677301": [
          "429057cd-d5c7-48ff-82d8-df5ae9b8b671"
        ],
        "4a5af72b-7d60-45af-9491-b8d2f99c5300": [
          "70358113-d968-4ab2-97eb-db4288ce88da"
        ],
        "a5e498dc-a6ed-4a00-9fcd-bcf3e4abf16b": [
          "e42071b8-e306-49cb-8cef-9ca28e189135"
        ],
        "b1eede5d-bd60-4663-8d25-7744869a3d49": [
          "4f228930-2a15-4f7d-b28b-625838cea8a5"
        ],
        "f649a8ea-7864-4645-9f12-e7b1ccf64fe5": [
          "0673475f-1d31-42b7-ac1c-7ed817eb3094"
        ],
        "61e7d376-36e8-474f-bdbd-d0d438b9f886": [
          "d420bc1c-13c0-4bd9-acec-d89901971b9c"
        ],
        "e42071b8-e306-49cb-8cef-9ca28e189135": [
          "ba9bfbd4-4e5a-470b-bc86-11cab51f1549"
        ]
      }
    },
    {
      "parents": {
        "153a3389-ce01-4428-b8e8-ce2356e288af": [],
        "3b9ecaef-6efb-4420-9d04-612a339a108d": [
          "153a3389-ce01-4428-b8e8-ce2356e288af"
        ],
        "d79a4e87-0213-46b1-85e0-a4d8ef89a114": [
          "153a3389-ce01-4428-b8e8-ce2356e288af"
        ],
        "29fa132b-156e-412e-943e-359a36f6647a": [
          "0401d774-e14b-438c-a271-e31c466ab090"
        ],
        "a7807036-0de8-4333-923b-d909f71fd5bc": [
          "153a3389-ce01-4428-b8e8-ce2356e288af"
        ],
        "6a80c18d-6cd1-4c66-9545-18c682f5f261": [
          "955e2a39-4d76-4d1b-a5eb-a2524554df95"
        ],
        "6e9e09a9-1da1-44d9-ac38-250c2bea7fd6": [
          "6a80c18d-6cd1-4c66-9545-18c682f5f261"
        ],
        "7d1ab894-8fec-4480-96ff-a094b852e0e5": [
          "7c533df0-a017-41d1-8d6d-a6ee9284187e"
        ],