{
  "id": "84c9bf0d-3fc9-47aa-a0c8-f769562cf81a",
  "generation": 4,
  "iteration": 28,
  "current_iteration": 30,
  "metrics": {
    "validity": 1.0,
    "sum_radii": 2.407843620608287,
    "target_ratio": 0.9137926453921394,
    "combined_score": 0.9137926453921394,
    "eval_time": 5.02627968788147
  },
  "language": "python",
  "timestamp": 1777139695.6991458,
  "saved_at": 1777142089.4468963
}