{
  "num_islands": 2,
  "current_island": 0,
  "iteration_count": 29,
  "global_best_score": 0.9955704258086068,
  "decay": 0.9,
  "intensity_min": 0.15,
  "intensity_max": 0.5,
  "migration_interval": 15,
  "diversity_strategy_type": "code",
  "use_unified_archive": true,
  "use_adaptive_search": true,
  "use_ucb_selection": true,
  "fixed_intensity": 0.4,
  "adapter": {
    "states": [
      {
        "accumulated_signal": 0.10435768097449835,
        "best_score": 0.9955704258086068,
        "improvement_count": 6,
        "total_evaluations": 19,
        "decay": 0.9,
        "epsilon": 1e-08,
        "intensity_min": 0.15,
        "intensity_max": 0.5
      },
      {
        "accumulated_signal": 0.14486592125468975,
        "best_score": 0.9876195126480202,
        "improvement_count": 4,
        "total_evaluations": 17,
        "decay": 0.9,
        "epsilon": 1e-08,
        "intensity_min": 0.15,
        "intensity_max": 0.5
      }
    ],
    "dimension_visits": [
      19,
      17
    ],
    "dimension_rewards": [
      0.42135211060185135,
      0.2772553083457965
    ],
    "decayed_visits": [
      8.649148282327008,
      8.332281830033345
    ],
    "global_best_score": 0.9955704258086068,
    "ucb_exploration": 1.41,
    "min_visits": 3,
    "decay": 0.9,
    "epsilon": 1e-08
  },
  "island_config_names": [
    "balanced",
    "balanced"
  ],
  "islands": [
    [
      "21302089-487f-46cc-8881-6141eaf23877",
      "28dd6179-bf82-4103-aabf-a463895a155d",
      "71ea2787-f1df-4f02-97a3-805b4d18c870",
      "fc3c10cd-c135-43c6-8a63-904b44c4f516",
      "a09f95bf-a1ab-4047-b7e8-840a10051df2",
      "d2f73eb3-faa8-4417-b451-3714588b8add",
      "2d8c6e73-6bf1-4927-91da-ff3b74e8f10d",
      "0a27c3af-cb17-48c6-be61-6d8218f6cf85",
      "937acf76-b7e8-4c93-8ba2-17293318e203",
      "3c4ba527-8f39-4e91-aa90-222dc11ac6d2",
      "909b09d0-ffbc-456c-bc63-937f772d08ae",
      "7e48ba90-622c-4563-9d1d-41bf3dce8a94",
      "dac6bc20-f9e4-47bd-a2eb-a3ed061fe019",
      "d6edd635-45eb-4c8b-94f8-1f700a466694",
      "4b62195f-0544-4621-8643-853bf986d575",
      "ec317b6e-c160-431a-926a-796c4885bb8a",
      "df67fba6-3bf6-4ae4-b367-ba105acaa418",
      "4766baca-25ce-4f85-a3dc-3431cb9e35a6",
      "33dc9d9e-d6ae-4dbb-b2b9-bfa1bc0a5d72",
      "dac403b7-3991-40d4-8ed5-c64e4ef6fd95"
    ],
    [
      "d4d300f2-f400-4977-a9da-00e031f4a7c3",
      "eda29ebd-27bb-462d-bcee-757ccacd0a54",
      "01f14c10-c0df-40ae-a72e-7c6dc5f139dc",
      "33d6286f-c8c1-453e-9318-4abb03317435",
      "7058a120-3fd8-46bf-b15e-85173c91f4e4",
      "64f75269-3ec7-46af-9822-7aa3f461e45c",
      "4a1deba2-db0e-4a11-bc29-aa28b6205c2b",
      "0aad7738-2a12-450a-bac0-d985e5dae9a1",
      "8f4e9dca-69ee-4be9-ae02-fc01ba558b21",
      "003d254c-e9b6-4445-b81e-498e1592f753",
      "2352620c-09f9-4c1a-aee5-774d450e1a52",
      "c9e89aa6-ed6b-4021-9920-29920c5e7ba8",
      "08163bbf-f84b-45e8-b045-69bd70adaccf",
      "79f89f29-7da2-4a74-bc11-f0d5dc6c2296",
      "2add0e5e-65b4-4115-99d9-e3cdc5dcd22e",
      "3bce3f58-3c43-4c22-8670-9757454bd07f",
      "0543e83b-b008-47c8-af12-aa671a6c8dd7",
      "630be8e5-fe20-462f-bf1b-f242050c3037"
    ]
  ],
  "archive_genealogies": [
    {
      "parents": {
        "21302089-487f-46cc-8881-6141eaf23877": [],
        "28dd6179-bf82-4103-aabf-a463895a155d": [
          "21302089-487f-46cc-8881-6141eaf23877"
        ],
        "71ea2787-f1df-4f02-97a3-805b4d18c870": [
          "28dd6179-bf82-4103-aabf-a463895a155d"
        ],
        "fc3c10cd-c135-43c6-8a63-904b44c4f516": [
          "28dd6179-bf82-4103-aabf-a463895a155d"
        ],
        "a09f95bf-a1ab-4047-b7e8-840a10051df2": [
          "28dd6179-bf82-4103-aabf-a463895a155d"
        ],
        "d2f73eb3-faa8-4417-b451-3714588b8add": [
          "a09f95bf-a1ab-4047-b7e8-840a10051df2"
        ],
        "2d8c6e73-6bf1-4927-91da-ff3b74e8f10d": [
          "a09f95bf-a1ab-4047-b7e8-840a10051df2"
        ],
        "0a27c3af-cb17-48c6-be61-6d8218f6cf85": [
          "2d8c6e73-6bf1-4927-91da-ff3b74e8f10d"
        ],
        "937acf76-b7e8-4c93-8ba2-17293318e203": [
          "71ea2787-f1df-4f02-97a3-805b4d18c870"
        ],
        "3c4ba527-8f39-4e91-aa90-222dc11ac6d2": [
          "4a1deba2-db0e-4a11-bc29-aa28b6205c2b"
        ],
        "909b09d0-ffbc-456c-bc63-937f772d08ae": [
          "7058a120-3fd8-46bf-b15e-85173c91f4e4"
        ],
        "7e48ba90-622c-4563-9d1d-41bf3dce8a94": [
          "79f89f29-7da2-4a74-bc11-f0d5dc6c2296"
        ],
        "dac6bc20-f9e4-47bd-a2eb-a3ed061fe019": [
          "79f89f29-7da2-4a74-bc11-f0d5dc6c2296"
        ],
        "d6edd635-45eb-4c8b-94f8-1f700a466694": [
          "dac6bc20-f9e4-47bd-a2eb-a3ed061fe019"
        ],
        "4b62195f-0544-4621-8643-853bf986d575": [
          "dac6bc20-f9e4-47bd-a2eb-a3ed061fe019"
        ],
        "ec317b6e-c160-431a-926a-796c4885bb8a": [
          "dac6bc20-f9e4-47bd-a2eb-a3ed061fe019"
        ],
        "df67fba6-3bf6-4ae4-b367-ba105acaa418": [
          "7e48ba90-622c-4563-9d1d-41bf3dce8a94"
        ],
        "4766baca-25ce-4f85-a3dc-3431cb9e35a6": [
          "2d8c6e73-6bf1-4927-91da-ff3b74e8f10d"
        ],
        "33dc9d9e-d6ae-4dbb-b2b9-bfa1bc0a5d72": [
          "dac6bc20-f9e4-47bd-a2eb-a3ed061fe019"
        ],
        "dac403b7-3991-40d4-8ed5-c64e4ef6fd95": [
          "dac6bc20-f9e4-47bd-a2eb-a3ed061fe019"
        ]
      },
      "children": {
        "21302089-487f-46cc-8881-6141eaf23877": [
          "28dd6179-bf82-4103-aabf-a463895a155d"
        ],
        "28dd6179-bf82-4103-aabf-a463895a155d": [
          "71ea2787-f1df-4f02-97a3-805b4d18c870",
          "fc3c10cd-c135-43c6-8a63-904b44c4f516",
          "a09f95bf-a1ab-4047-b7e8-840a10051df2"
        ],
        "a09f95bf-a1ab-4047-b7e8-840a10051df2": [
          "d2f73eb3-faa8-4417-b451-3714588b8add",
          "2d8c6e73-6bf1-4927-91da-ff3b74e8f10d"
        ],
        "2d8c6e73-6bf1-4927-91da-ff3b74e8f10d": [
          "0a27c3af-cb17-48c6-be61-6d8218f6cf85",
          "4766baca-25ce-4f85-a3dc-3431cb9e35a6"
        ],
        "71ea2787-f1df-4f02-97a3-805b4d18c870": [
          "937acf76-b7e8-4c93-8ba2-17293318e203"
        ],
        "4a1deba2-db0e-4a11-bc29-aa28b6205c2b": [
          "3c4ba527-8f39-4e91-aa90-222dc11ac6d2"
        ],
        "7058a120-3fd8-46bf-b15e-85173c91f4e4": [
          "909b09d0-ffbc-456c-bc63-937f772d08ae"
        ],
        "79f89f29-7da2-4a74-bc11-f0d5dc6c2296": [
          "7e48ba90-622c-4563-9d1d-41bf3dce8a94",
          "dac6bc20-f9e4-47bd-a2eb-a3ed061fe019"
        ],
        "dac6bc20-f9e4-47bd-a2eb-a3ed061fe019": [
          "d6edd635-45eb-4c8b-94f8-1f700a466694",
          "4b62195f-0544-4621-8643-853bf986d575",
          "ec317b6e-c160-431a-926a-796c4885bb8a",
          "33dc9d9e-d6ae-4dbb-b2b9-bfa1bc0a5d72",
          "dac403b7-3991-40d4-8ed5-c64e4ef6fd95"
        ],
        "7e48ba90-622c-4563-9d1d-41bf3dce8a94": [
          "df67fba6-3bf6-4ae4-b367-ba105acaa418"
        ]
      }
    },
    {
      "parents": {
        "d4d300f2-f400-4977-a9da-00e031f4a7c3": [],
        "eda29ebd-27bb-462d-bcee-757ccacd0a54": [
          "d4d300f2-f400-4977-a9da-00e031f4a7c3"
        ],
        "01f14c10-c0df-40ae-a72e-7c6dc5f139dc": [
          "eda29ebd-27bb-462d-bcee-757ccacd0a54"
        ],
        "33d6286f-c8c1-453e-9318-4abb03317435": [
          "eda29ebd-27bb-462d-bcee-757ccacd0a54"
        ],
        "7058a120-3fd8-46bf-b15e-85173c91f4e4": [
          "33d6286f-c8c1-453e-9318-4abb03317435"
        ],
        "64f75269-3ec7-46af-9822-7aa3f461e45c": [
          "7058a120-3fd8-46bf-b15e-85173c91f4e4"
        ],
        "4a1deba2-db0e-4a11-bc29-aa28b6205c2b": [
          "d4d300f2-f400-4977-a9da-00e031f4a7c3"
        ],
        "0aad7738-2a12-450a-bac0-d985e5dae9a1": [
          "4a1deba2-db0e-4a11-bc29-aa28b6205c2b"
        ],
        "8f4e9dca-69ee-4be9-ae02-fc01ba558b21": [
          "2d8c6e73-6bf1-4927-91da-ff3b74e8f10d"
        ],