{
  "id": "dac6bc20-f9e4-47bd-a2eb-a3ed061fe019",
  "generation": 5,
  "iteration": 18,
  "current_iteration": 30,
  "metrics": {
    "validity": 1.0,
    "sum_radii": 2.6233280720056786,
    "target_ratio": 0.9955704258086068,
    "combined_score": 0.9955704258086068,
    "eval_time": 51.67216229438782
  },
  "language": "python",
  "timestamp": 1776859296.8285608,
  "saved_at": 1776864085.0840576
}