{
  "id": "4de604b9-d5a2-4b3f-8205-384a77a9c86b",
  "generation": 0,
  "iteration": 30,
  "current_iteration": 30,
  "metrics": {
    "validity": 1.0,
    "sum_radii": 2.5225275260736115,
    "target_ratio": 0.9573159491740462,
    "combined_score": 0.9573159491740462,
    "eval_time": 6.544515609741211
  },
  "language": "python",
  "timestamp": 1777050871.8441713,
  "saved_at": 1777050871.8573046
}