{
  "id": "6ce2de0d-71e4-4723-b9f3-654a0d699b03",
  "generation": 1,
  "iteration": 6,
  "timestamp": 1776784073.753862,
  "parent_id": "4ee9637a-af35-4006-b25c-d4c889b0cf9a",
  "metrics": {
    "validity": 1.0,
    "sum_radii": 2.2688515108185903,
    "target_ratio": 0.8610442166294461,
    "combined_score": 0.8610442166294461,
    "eval_time": 0.3271777629852295,
    "test_validity": 1.0,
    "test_sum_radii": 2.2688515108185903,
    "test_target_ratio": 0.8610442166294461,
    "test_combined_score": 0.8610442166294461,
    "test_eval_time": 0.32132697105407715
  },
  "language": "python",
  "saved_at": 1776786747.4068716
}