{
  "id": "247ca7df-06a4-4df5-b0e2-94a3f0f8934c",
  "generation": 0,
  "iteration": 0,
  "timestamp": 1776409491.8367708,
  "parent_id": null,
  "metrics": {
    "validity": 1.0,
    "sum_radii": 0.9597642169962064,
    "target_ratio": 0.36423689449571406,
    "combined_score": 0.36423689449571406,
    "eval_time": 0.14902567863464355,
    "test_validity": 1.0,
    "test_sum_radii": 0.9597642169962064,
    "test_target_ratio": 0.36423689449571406,
    "test_combined_score": 0.36423689449571406,
    "test_eval_time": 0.15433812141418457
  },
  "language": "python",
  "saved_at": 1776409508.3955593
}