{
  "id": "f0abac83-3a6b-4f6c-97e5-516a2d276f2b",
  "generation": 2,
  "iteration": 8,
  "current_iteration": 10,
  "metrics": {
    "validity": 1.0,
    "sum_radii": 1.6118463530365945,
    "target_ratio": 0.6117063958393149,
    "combined_score": 0.6117063958393149,
    "eval_time": 0.14523816108703613
  },
  "language": "python",
  "timestamp": 1777042645.7607512,
  "saved_at": 1777043367.5879567
}