{
  "id": "6ce2de0d-71e4-4723-b9f3-654a0d699b03",
  "generation": 1,
  "iteration": 6,
  "current_iteration": 100,
  "metrics": {
    "validity": 1.0,
    "sum_radii": 2.2688515108185903,
    "target_ratio": 0.8610442166294461,
    "combined_score": 0.8610442166294461,
    "eval_time": 0.3271777629852295
  },
  "language": "python",
  "timestamp": 1776784073.753862,
  "saved_at": 1776786746.234859
}