{
  "id": "203cbdee-d63c-4e1a-b306-ca7287a71dc0",
  "generation": 6,
  "iteration": 98,
  "timestamp": 1777381080.0625327,
  "parent_id": "63431d60-7d74-48b9-a2e7-ff10faa84f5f",
  "metrics": {
    "validity": 1.0,
    "sum_radii": 2.4539147441339204,
    "target_ratio": 0.9312769427453209,
    "combined_score": 0.9312769427453209,
    "eval_time": 106.75796842575073
  },
  "language": "python",
  "saved_at": 1777381525.253005,
  "current_iteration": 100,
  "budget": {
    "program_iteration": 98,
    "matched_iteration_by": "iteration",
    "run_summary": {
      "nominal_budget": 1.0,
      "total_cost": 1.19384526,
      "oob": true,
      "overshoot": 0.19384526000000002,
      "overshoot_ratio": 0.19384526000000002,
      "num_iterations": 100,
      "num_generation_calls": 100,
      "num_retry_calls": 39,
      "num_guide_calls": 2,
      "generation_cost_total": 0.8736280999999998,
      "retry_cost_total": 0.28521483999999997,
      "guide_cost_total": 0.035002319999999996,
      "component_cost_total": 1.1938452599999998,
      "prompt_tokens_total": 948923,
      "completion_tokens_total": 222009,
      "input_tokens_total": 948923,
      "output_tokens_total": 222009,
      "total_tokens": 1170932,
      "generation_prompt_tokens_total": 693780,
      "generation_completion_tokens_total": 162655,
      "generation_input_tokens_total": 693780,
      "generation_output_tokens_total": 162655,
      "generation_total_tokens": 856435,
      "retry_prompt_tokens_total": 244517,
      "retry_completion_tokens_total": 47462,
      "retry_input_tokens_total": 244517,
      "retry_output_tokens_total": 47462,
      "retry_total_tokens": 291979,
      "guide_prompt_tokens_total": 10626,
      "guide_completion_tokens_total": 11892,
      "guide_input_tokens_total": 10626,
      "guide_output_tokens_total": 11892,
      "guide_total_tokens": 22518,
      "avg_iteration_cost": 0.0119384526,
      "generation_cost_fraction": 0.7317766625802072,
      "retry_cost_fraction": 0.23890436186009564,
      "guide_cost_fraction": 0.029318975559696904,
      "best_score": 0.9312769427453209,
      "method": "costada",
      "task_family": "circle_packing",
      "task_name": "evaluator",
      "seed": null,
      "objective_key": "sum_radii",
      "best_objective": 2.4539147441339204,
      "best_objective_iteration": 98,
      "best_combined_score": 0.9312769427453209,
      "best_combined_score_iteration": 98,
      "best_target_ratio": 0.9312769427453209,
      "best_target_ratio_iteration": 98,
      "target_value": null,
      "success_target": false,
      "cost_to_target": null,
      "iteration_to_target": null
    },
    "best_iteration_trace": {
      "iteration": 98,
      "source": "iteration",
      "frontier_id": 1,
      "method": "costada",
      "task_family": "circle_packing",
      "task_name": "evaluator",
      "seed": null,
      "generation_cost": 0.01382014,
      "retry_cost": 0.0,
      "guide_cost": 0.0,
      "iteration_cost": 0.01382014,
      "cumulative_cost": 1.1849164600000002,
      "remaining_budget_ratio": 0.0,
      "remaining_budget_ratio_before": 0.0,
      "remaining_budget_ratio_after": 0.0,
      "prompt_tokens": 4842,
      "completion_tokens": 4493,
      "input_tokens": 4842,
      "output_tokens": 4493,
      "model_name": "z-ai/glm-5",
      "candidate_score": 0.9312769427453209,
      "local_best": 0.9312769427453209,
      "global_best_before": 0.9257185856443456,
      "global_best_after": 0.9312769427453209,
      "global_best": 0.9312769427453209,
      "tier": "cheap",
      "base_tier": "rich",
      "final_tier": "cheap",
      "tier_override_reason": "low_budget_force_cheap",
      "intensity": 0.48035934664334123,
      "lambda_t": 1.0,
      "recent_improvement_avg": 0.0006947946376219122,
      "stagnation_steps": 0,
      "local_gain": 0.006004370212688782,
      "global_gain": 0.006004370212688782,
      "frontier_improvement": 0.0055583571009752974,
      "local_gain_normalized": 0.006004370212688782,
      "global_gain_normalized": 0.006004370212688782,
      "utility": 0.005922520154993944,
      "frontier_signal": 0.003773371231816464,
      "budget_bin": null,
      "action_family": null,
      "action_tier": null,
      "frontier_gain": null,
      "routing_reward": 0.005922520154993944,
      "routing_stat": 0.0033311759777614096,
      "router_reward": 0.005922520154993944,
      "meta_triggered": false,
      "meta_sources": [],
      "guide_triggered": false,
      "paradigm_triggered": false,
      "paradigm_count": 0,
      "attempts_used": 1,
      "num_calls": 1,
      "num_generation_calls_this_iteration": 1,
      "num_retry_calls_this_iteration": 0,
      "num_guide_calls_this_iteration": 0,
      "total_tokens": 9335,
      "generation_prompt_tokens": 4842,
      "generation_completion_tokens": 4493,
      "generation_input_tokens": 4842,
      "generation_output_tokens": 4493,
      "retry_prompt_tokens": 0,
      "retry_completion_tokens": 0,
      "retry_input_tokens": 0,
      "retry_output_tokens": 0,
      "guide_prompt_tokens": 0,
      "guide_completion_tokens": 0,
      "guide_input_tokens": 0,
      "guide_output_tokens": 0,
      "objective_key": "sum_radii",
      "objective_value": 2.4539147441339204,
      "best_so_far_objective": 2.4539147441339204,
      "best_so_far_objective_iteration": 98,
      "target_value": null,
      "target_ratio": 0.9312769427453209,
      "best_so_far_target_ratio": 0.9312769427453209,
      "best_so_far_target_ratio_iteration": 98,
      "combined_score": 0.9312769427453209,
      "best_so_far_combined_score": 0.9312769427453209,
      "best_so_far_combined_score_iteration": 98,
      "validity": 1.0,
      "eval_time": 212.45175647735596,
      "metrics_raw": {
        "validity": 1.0,
        "sum_radii": 2.4539147441339204,
        "target_ratio": 0.9312769427453209,
        "combined_score": 0.9312769427453209,
        "eval_time": 106.75796842575073
      },
      "call_roles": [
        "generation"
      ],
      "call_model_names": [
        "z-ai/glm-5"
      ],
      "call_prompt_tokens": [
        4842
      ],
      "call_completion_tokens": [
        4493
      ],
      "call_input_tokens": [
        4842
      ],
      "call_output_tokens": [
        4493
      ],
      "call_total_tokens": [
        9335
      ],
      "call_costs": [
        0.01382014
      ],
      "calls": [
        {
          "role": "generation",
          "model_name": "z-ai/glm-5",
          "input_tokens": 4842,
          "output_tokens": 4493,
          "total_tokens": 9335,
          "raw_cost": 0.01382014,
          "meta": {}
        }
      ]
    },
    "cost_at_best": 1.1849164600000002,
    "iteration_cost_at_best": 0.01382014,
    "remaining_budget_ratio_at_best": 0.0,
    "tokens_at_best": {
      "input_tokens": 4842,
      "output_tokens": 4493,
      "total_tokens": 9335
    },
    "call_counts_at_best": {
      "num_calls": 1,
      "generation": 1,
      "retry": 0,
      "guide": 0
    }
  }
}