{
  "id": "d5e4b2b6-d608-4251-bbfa-94042fe88b9c",
  "generation": 7,
  "iteration": 67,
  "current_iteration": 70,
  "metrics": {
    "validity": 1.0,
    "sum_radii": 2.591845019288838,
    "target_ratio": 0.9836223982120827,
    "combined_score": 0.9836223982120827,
    "eval_time": 7.981534242630005
  },
  "language": "python",
  "timestamp": 1777165587.6237922,
  "saved_at": 1777167912.4993026
}