{
  "id": "517860a2-3d2d-45e8-bd20-27edbc48adc4",
  "generation": 0,
  "iteration": 29,
  "current_iteration": 30,
  "metrics": {
    "validity": 1.0,
    "sum_radii": 2.5074222791046066,
    "target_ratio": 0.9515834076298318,
    "combined_score": 0.9515834076298318,
    "eval_time": 5.166711807250977
  },
  "language": "python",
  "timestamp": 1776968100.6015563,
  "saved_at": 1776968891.263295
}