{
  "id": "c2cdf57d-347a-42c1-bcc6-b614987b91ba",
  "generation": 6,
  "iteration": 28,
  "timestamp": 1775723218.2069805,
  "parent_id": "5335e9f3-7162-48e9-a4fc-80b4d819eb7e",
  "metrics": {
    "validity": 1.0,
    "sum_radii": 2.6330352288855807,
    "target_ratio": 0.9992543563133135,
    "combined_score": 0.9992543563133135,
    "eval_time": 77.34770250320435,
    "test_validity": 1.0,
    "test_sum_radii": 2.631093589109599,
    "test_target_ratio": 0.9985174911231874,
    "test_combined_score": 0.9985174911231874,
    "test_eval_time": 80.0663492679596
  },
  "language": "python",
  "saved_at": 1775769808.8048484
}