{
  "num_islands": 2,
  "current_island": 1,
  "iteration_count": 9,
  "global_best_score": 0.540402934899759,
  "decay": 0.9,
  "intensity_min": 0.15,
  "intensity_max": 0.5,
  "migration_interval": 15,
  "diversity_strategy_type": "code",
  "use_unified_archive": true,
  "use_adaptive_search": true,
  "use_ucb_selection": true,
  "fixed_intensity": 0.4,
  "adapter": {
    "states": [
      {
        "accumulated_signal": 0.09999999999999998,
        "best_score": 0.36423689449571406,
        "improvement_count": 1,
        "total_evaluations": 5,
        "decay": 0.9,
        "epsilon": 1e-08,
        "intensity_min": 0.15,
        "intensity_max": 0.5
      },
      {
        "accumulated_signal": 0.08137916265410851,
        "best_score": 0.540402934899759,
        "improvement_count": 3,
        "total_evaluations": 6,
        "decay": 0.9,
        "epsilon": 1e-08,
        "intensity_min": 0.15,
        "intensity_max": 0.5
      }
    ],
    "dimension_visits": [
      5,
      6
    ],
    "dimension_rewards": [
      0.6561000000000001,
      0.3483530338676316
    ],
    "decayed_visits": [
      4.0951,
      4.68559
    ],
    "global_best_score": 0.540402934899759,
    "ucb_exploration": 1.41,
    "min_visits": 3,
    "decay": 0.9,
    "epsilon": 1e-08
  },
  "island_config_names": [
    "balanced",
    "balanced"
  ],
  "islands": [
    [
      "eeca7b2c-baa4-40b1-9152-0637e10b441d",
      "e579f43e-43eb-46f8-9fb9-d8ebbdc3b1cf",
      "983777e6-b16c-4f05-a2b3-4fad31e8d084",
      "1163b35a-bdd5-49dc-b76c-7e2e6a91f959",
      "7b53d30a-60dd-4a52-8097-2186389e5ec3"
    ],
    [
      "153a3389-ce01-4428-b8e8-ce2356e288af",
      "3b9ecaef-6efb-4420-9d04-612a339a108d",
      "d79a4e87-0213-46b1-85e0-a4d8ef89a114",
      "0401d774-e14b-438c-a271-e31c466ab090",
      "29fa132b-156e-412e-943e-359a36f6647a",
      "a7807036-0de8-4333-923b-d909f71fd5bc",
      "955e2a39-4d76-4d1b-a5eb-a2524554df95"
    ]
  ],
  "archive_genealogies": [
    {
      "parents": {
        "eeca7b2c-baa4-40b1-9152-0637e10b441d": [],
        "e579f43e-43eb-46f8-9fb9-d8ebbdc3b1cf": [
          "eeca7b2c-baa4-40b1-9152-0637e10b441d"
        ],
        "983777e6-b16c-4f05-a2b3-4fad31e8d084": [
          "eeca7b2c-baa4-40b1-9152-0637e10b441d"
        ],
        "1163b35a-bdd5-49dc-b76c-7e2e6a91f959": [
          "eeca7b2c-baa4-40b1-9152-0637e10b441d"
        ],
        "7b53d30a-60dd-4a52-8097-2186389e5ec3": [
          "1163b35a-bdd5-49dc-b76c-7e2e6a91f959"
        ]
      },
      "children": {
        "eeca7b2c-baa4-40b1-9152-0637e10b441d": [
          "e579f43e-43eb-46f8-9fb9-d8ebbdc3b1cf",
          "983777e6-b16c-4f05-a2b3-4fad31e8d084",
          "1163b35a-bdd5-49dc-b76c-7e2e6a91f959"
        ],
        "1163b35a-bdd5-49dc-b76c-7e2e6a91f959": [
          "7b53d30a-60dd-4a52-8097-2186389e5ec3"
        ]
      }
    },
    {
      "parents": {
        "153a3389-ce01-4428-b8e8-ce2356e288af": [],
        "3b9ecaef-6efb-4420-9d04-612a339a108d": [
          "153a3389-ce01-4428-b8e8-ce2356e288af"
        ],
        "d79a4e87-0213-46b1-85e0-a4d8ef89a114": [
          "153a3389-ce01-4428-b8e8-ce2356e288af"
        ],
        "0401d774-e14b-438c-a271-e31c466ab090": [
          "153a3389-ce01-4428-b8e8-ce2356e288af"
        ],
        "29fa132b-156e-412e-943e-359a36f6647a": [
          "0401d774-e14b-438c-a271-e31c466ab090"
        ],
        "a7807036-0de8-4333-923b-d909f71fd5bc": [
          "153a3389-ce01-4428-b8e8-ce2356e288af"
        ],
        "955e2a39-4d76-4d1b-a5eb-a2524554df95": [
          "a7807036-0de8-4333-923b-d909f71fd5bc"
        ]
      },
      "children": {
        "153a3389-ce01-4428-b8e8-ce2356e288af": [
          "3b9ecaef-6efb-4420-9d04-612a339a108d",
          "d79a4e87-0213-46b1-85e0-a4d8ef89a114",
          "0401d774-e14b-438c-a271-e31c466ab090",
          "a7807036-0de8-4333-923b-d909f71fd5bc"
        ],
        "0401d774-e14b-438c-a271-e31c466ab090": [
          "29fa132b-156e-412e-943e-359a36f6647a"
        ],
        "a7807036-0de8-4333-923b-d909f71fd5bc": [
          "955e2a39-4d76-4d1b-a5eb-a2524554df95"
        ]
      }
    }
  ],
  "use_dynamic_islands": true,
  "max_islands": 5,
  "last_spawn_iteration": -30,
  "use_paradigm_breakthrough": true,
  "paradigm_tracker": {
    "window_size": 10,
    "improvement_threshold": 0.12,
    "max_paradigm_uses": 2,
    "max_tried_paradigms": 10,
    "num_paradigms_to_generate": 3,
    "improvement_history": [
      0.0,
      0.0,
      0.0,
      0.0,
      0.0,
      1.0,
      0.0,
      0.0,
      1.0,
      1.0
    ],
    "active_paradigms": [],
    "paradigm_usage_counts": {},
    "current_paradigm_index": 0,
    "tried_paradigms": [],
    "best_score_at_paradigm_gen": 0.0,
    "best_score_during_paradigm": 0.0
  }
}