{
  "id": "a5b9ea8f-768f-45a1-9b1c-e8956667d7a2",
  "generation": 0,
  "iteration": 54,
  "current_iteration": 60,
  "metrics": {
    "validity": 1.0,
    "sum_radii": 2.62624671344439,
    "target_ratio": 0.9966780696183644,
    "combined_score": 0.9966780696183644,
    "eval_time": 42.453505516052246
  },
  "language": "python",
  "timestamp": 1775587791.309073,
  "saved_at": 1775589106.5637794
}