{
  "id": "b1d45edb-9245-44bc-8e06-95c8823ad8d5",
  "generation": 6,
  "iteration": 57,
  "timestamp": 1776873649.15933,
  "parent_id": "dac6bc20-f9e4-47bd-a2eb-a3ed061fe019",
  "metrics": {
    "validity": 1.0,
    "sum_radii": 2.635328412488781,
    "target_ratio": 1.0001246347206,
    "combined_score": 1.0001246347206,
    "eval_time": 51.875499963760376,
    "test_validity": 1.0,
    "test_sum_radii": 2.635328412488781,
    "test_target_ratio": 1.0001246347206,
    "test_combined_score": 1.0001246347206,
    "test_eval_time": 255.98814940452576
  },
  "language": "python",
  "saved_at": 1776895050.8351984
}