{
  "id": "1a346e31-17f3-4308-a55f-7ed2a7777673",
  "generation": 3,
  "iteration": 37,
  "current_iteration": 90,
  "metrics": {
    "validity": 1.0,
    "sum_radii": 2.6094235897618216,
    "target_ratio": 0.9902935824523044,
    "combined_score": 0.9902935824523044,
    "eval_time": 170.04479718208313
  },
  "language": "python",
  "timestamp": 1777227820.2588055,
  "saved_at": 1777243716.5478344
}