{
  "id": "c85306f6-f97d-48cc-acff-df217646f949",
  "generation": 0,
  "iteration": 0,
  "current_iteration": 100,
  "metrics": {
    "validity": 1.0,
    "sum_radii": 0.9597642169962064,
    "target_ratio": 0.36423689449571406,
    "combined_score": 0.36423689449571406,
    "eval_time": 0.1485288143157959
  },
  "language": "python",
  "timestamp": 1776851781.1428702,
  "saved_at": 1776851781.1882272
}