{
  "id": "a962580a-9cb3-40ff-bef9-57442dd6a12d",
  "generation": 0,
  "iteration": 15,
  "current_iteration": 20,
  "metrics": {
    "validity": 1.0,
    "sum_radii": 2.248420936260883,
    "target_ratio": 0.8532906778978684,
    "combined_score": 0.8532906778978684,
    "eval_time": 0.15491080284118652
  },
  "language": "python",
  "timestamp": 1777262878.5472054,
  "saved_at": 1777263226.236038
}