{
  "id": "5599fc23-cfb7-4f4a-bb89-31ebbd25b357",
  "generation": 3,
  "iteration": 48,
  "current_iteration": 70,
  "metrics": {
    "validity": 1.0,
    "sum_radii": 2.1572436549471496,
    "target_ratio": 0.81868829409759,
    "combined_score": 0.81868829409759,
    "eval_time": 130.14166259765625
  },
  "language": "python",
  "timestamp": 1777267806.8513017,
  "saved_at": 1777275470.3366437
}