{
  "num_islands": 2,
  "current_island": 0,
  "iteration_count": 19,
  "global_best_score": 0.9917352458749982,
  "decay": 0.9,
  "intensity_min": 0.15,
  "intensity_max": 0.5,
  "migration_interval": 15,
  "diversity_strategy_type": "code",
  "use_unified_archive": true,
  "use_adaptive_search": true,
  "use_ucb_selection": true,
  "fixed_intensity": 0.4,
  "adapter": {
    "states": [
      {
        "accumulated_signal": 0.1463873928209068,
        "best_score": 0.9905978883570268,
        "improvement_count": 4,
        "total_evaluations": 13,
        "decay": 0.9,
        "epsilon": 1e-08,
        "intensity_min": 0.15,
        "intensity_max": 0.5
      },
      {
        "accumulated_signal": 0.11590815814432458,
        "best_score": 0.9917352458749982,
        "improvement_count": 5,
        "total_evaluations": 13,
        "decay": 0.9,
        "epsilon": 1e-08,
        "intensity_min": 0.15,
        "intensity_max": 0.5
      }
    ],
    "dimension_visits": [
      13,
      13
    ],
    "dimension_rewards": [
      0.8843991018597149,
      0.32345149165366094
    ],
    "decayed_visits": [
      7.458134171671,
      7.458134171671
    ],
    "global_best_score": 0.9917352458749982,
    "ucb_exploration": 1.41,
    "min_visits": 3,
    "decay": 0.9,
    "epsilon": 1e-08
  },
  "island_config_names": [
    "balanced",
    "balanced"
  ],
  "islands": [
    [
      "67cfd035-8046-4149-8255-05007bd904c8",
      "d0390287-9524-4036-8287-c02760081d8c",
      "7fc46a42-0846-41d0-9dba-0bb4bac6a518",
      "ef5a942c-53f5-485c-b71c-a9411fd65479",
      "d9e0d909-e40b-4770-8562-6c5100af7bbc",
      "fc97d2cd-31dc-4589-8556-c30952012c4e",
      "1390a6fd-65c0-42a7-a820-83dd25636210",
      "feea623b-4c3f-4d88-b49d-1150095db388",
      "ade6dff1-77a1-4f91-a322-c454d5abe2b4",
      "13607fe7-5306-4a0d-9cca-d0e3f20a4ee2",
      "ad9a4879-e4d8-4ccf-840f-ba6e7817fcb1",
      "7fb18b90-e783-4f96-a630-0cdaf9802bb3",
      "0dab5116-540e-4835-b3c3-01f3c0613299",
      "1bd1da96-95e1-4d35-8716-c4b132e64502",
      "a80b16fa-4cea-4a6d-be43-62ddd7dac614"
    ],
    [
      "db38d623-e973-44c1-b43d-2911c4ef2c67",
      "e6410ce2-bae5-4388-a401-25dbd89aa68a",
      "a500cc59-a486-440d-a87d-ad3b647a29c1",
      "9d64dee4-1cc8-46b1-a557-4491d7e89ec0",
      "f0abac83-3a6b-4f6c-97e5-516a2d276f2b",
      "03db5d16-9fdd-4718-a75d-9ae5e64fe7d0",
      "257dc830-5df8-4da8-9ed7-68f107ca3f54",
      "93d53940-1640-49ce-9fcf-614aabb4e196",
      "5f7293b7-29fe-4808-a2a5-db56072c36f1",
      "2b751c46-ef8f-4cd8-9fbb-eb2d6ed53b49",
      "d39da353-63ec-4acd-b3ca-c48e27cc483c",
      "8efcc5f0-7637-43d2-a4fa-86f68e3b064b",
      "9d98043e-31ca-4a39-a005-5b905a66917d",
      "e3d4a2d3-4157-492e-a2fa-d8822c725c6d"
    ]
  ],
  "archive_genealogies": [
    {
      "parents": {
        "67cfd035-8046-4149-8255-05007bd904c8": [],
        "d0390287-9524-4036-8287-c02760081d8c": [
          "67cfd035-8046-4149-8255-05007bd904c8"
        ],
        "7fc46a42-0846-41d0-9dba-0bb4bac6a518": [
          "67cfd035-8046-4149-8255-05007bd904c8"
        ],
        "ef5a942c-53f5-485c-b71c-a9411fd65479": [
          "7fc46a42-0846-41d0-9dba-0bb4bac6a518"
        ],
        "d9e0d909-e40b-4770-8562-6c5100af7bbc": [
          "7fc46a42-0846-41d0-9dba-0bb4bac6a518"
        ],
        "fc97d2cd-31dc-4589-8556-c30952012c4e": [
          "d0390287-9524-4036-8287-c02760081d8c"
        ],
        "1390a6fd-65c0-42a7-a820-83dd25636210": [
          "7fc46a42-0846-41d0-9dba-0bb4bac6a518"
        ],
        "feea623b-4c3f-4d88-b49d-1150095db388": [
          "f0abac83-3a6b-4f6c-97e5-516a2d276f2b"
        ],
        "ade6dff1-77a1-4f91-a322-c454d5abe2b4": [
          "feea623b-4c3f-4d88-b49d-1150095db388"
        ],
        "13607fe7-5306-4a0d-9cca-d0e3f20a4ee2": [
          "93d53940-1640-49ce-9fcf-614aabb4e196"
        ],
        "ad9a4879-e4d8-4ccf-840f-ba6e7817fcb1": [
          "f0abac83-3a6b-4f6c-97e5-516a2d276f2b"
        ],
        "7fb18b90-e783-4f96-a630-0cdaf9802bb3": [
          "e3d4a2d3-4157-492e-a2fa-d8822c725c6d"
        ],
        "0dab5116-540e-4835-b3c3-01f3c0613299": [
          "e3d4a2d3-4157-492e-a2fa-d8822c725c6d"
        ],
        "1bd1da96-95e1-4d35-8716-c4b132e64502": [
          "e3d4a2d3-4157-492e-a2fa-d8822c725c6d"
        ],
        "a80b16fa-4cea-4a6d-be43-62ddd7dac614": [
          "e3d4a2d3-4157-492e-a2fa-d8822c725c6d"
        ]
      },
      "children": {
        "67cfd035-8046-4149-8255-05007bd904c8": [
          "d0390287-9524-4036-8287-c02760081d8c",
          "7fc46a42-0846-41d0-9dba-0bb4bac6a518"
        ],
        "7fc46a42-0846-41d0-9dba-0bb4bac6a518": [
          "ef5a942c-53f5-485c-b71c-a9411fd65479",
          "d9e0d909-e40b-4770-8562-6c5100af7bbc",
          "1390a6fd-65c0-42a7-a820-83dd25636210"
        ],
        "d0390287-9524-4036-8287-c02760081d8c": [
          "fc97d2cd-31dc-4589-8556-c30952012c4e"
        ],
        "f0abac83-3a6b-4f6c-97e5-516a2d276f2b": [
          "feea623b-4c3f-4d88-b49d-1150095db388",
          "ad9a4879-e4d8-4ccf-840f-ba6e7817fcb1"
        ],
        "feea623b-4c3f-4d88-b49d-1150095db388": [
          "ade6dff1-77a1-4f91-a322-c454d5abe2b4"
        ],
        "93d53940-1640-49ce-9fcf-614aabb4e196": [
          "13607fe7-5306-4a0d-9cca-d0e3f20a4ee2"
        ],
        "e3d4a2d3-4157-492e-a2fa-d8822c725c6d": [
          "7fb18b90-e783-4f96-a630-0cdaf9802bb3",
          "0dab5116-540e-4835-b3c3-01f3c0613299",
          "1bd1da96-95e1-4d35-8716-c4b132e64502",
          "a80b16fa-4cea-4a6d-be43-62ddd7dac614"
        ]
      }
    },
    {
      "parents": {
        "db38d623-e973-44c1-b43d-2911c4ef2c67": [],
        "e6410ce2-bae5-4388-a401-25dbd89aa68a": [
          "db38d623-e973-44c1-b43d-2911c4ef2c67"
        ],
        "a500cc59-a486-440d-a87d-ad3b647a29c1": [
          "e6410ce2-bae5-4388-a401-25dbd89aa68a"
        ],
        "9d64dee4-1cc8-46b1-a557-4491d7e89ec0": [
          "e6410ce2-bae5-4388-a401-25dbd89aa68a"
        ],
        "f0abac83-3a6b-4f6c-97e5-516a2d276f2b": [
          "e6410ce2-bae5-4388-a401-25dbd89aa68a"
        ],
        "03db5d16-9fdd-4718-a75d-9ae5e64fe7d0": [
          "db38d623-e973-44c1-b43d-2911c4ef2c67"
        ],
        "257dc830-5df8-4da8-9ed7-68f107ca3f54": [
          "f0abac83-3a6b-4f6c-97e5-516a2d276f2b"
        ],
        "93d53940-1640-49ce-9fcf-614aabb4e196": [
          "feea623b-4c3f-4d88-b49d-1150095db388"
        ],
        "5f7293b7-29fe-4808-a2a5-db56072c36f1": [
          "feea623b-4c3f-4d88-b49d-1150095db388"
        ],
        "2b751c46-ef8f-4cd8-9fbb-eb2d6ed53b49": [
          "1390a6fd-65c0-42a7-a820-83dd25636210"
        ],
        "d39da353-63ec-4acd-b3ca-c48e27cc483c": [
          "7fc46a42-0846-41d0-9dba-0bb4bac6a518"
        ],
        "8efcc5f0-7637-43d2-a4fa-86f68e3b064b": [
          "ef5a942c-53f5-485c-b71c-a9411fd65479"
        ],
        "9d98043e-31ca-4a39-a005-5b905a66917d": [
          "d9e0d909-e40b-4770-8562-6c5100af7bbc"
        ],
        "e3d4a2d3-4157-492e-a2fa-d8822c725c6d": [
          "feea623b-4c3f-4d88-b49d-1150095db388"
        ]
      },
      "children": {
        "db38d623-e973-44c1-b43d-2911c4ef2c67": [
          "e6410ce2-bae5-4388-a401-25dbd89aa68a",
          "03db5d16-9fdd-4718-a75d-9ae5e64fe7d0"
        ],
        "e6410ce2-bae5-4388-a401-25dbd89aa68a": [
          "a500cc59-a486-440d-a87d-ad3b647a29c1",
          "9d64dee4-1cc8-46b1-a557-4491d7e89ec0",
          "f0abac83-3a6b-4f6c-97e5-516a2d276f2b"
        ],
        "f0abac83-3a6b-4f6c-97e5-516a2d276f2b": [
          "257dc830-5df8-4da8-9ed7-68f107ca3f54"
        ],
        "feea623b-4c3f-4d88-b49d-1150095db388": [
          "93d53940-1640-49ce-9fcf-614aabb4e196",
          "5f7293b7-29fe-4808-a2a5-db56072c36f1",
          "e3d4a2d3-4157-492e-a2fa-d8822c725c6d"
        ],
        "1390a6fd-65c0-42a7-a820-83dd25636210": [
          "2b751c46-ef8f-4cd8-9fbb-eb2d6ed53b49"
        ],