{
  "id": "e3d4a2d3-4157-492e-a2fa-d8822c725c6d",
  "generation": 4,
  "iteration": 16,
  "current_iteration": 20,
  "metrics": {
    "validity": 1.0,
    "sum_radii": 2.61322237288062,
    "target_ratio": 0.9917352458749982,
    "combined_score": 0.9917352458749982,
    "eval_time": 7.407063722610474
  },
  "language": "python",
  "timestamp": 1777044026.0247858,
  "saved_at": 1777044936.2677705
}