{
  "id": "98b9afb8-00a9-4b7f-be20-442280911f5d",
  "generation": 0,
  "iteration": 99,
  "current_iteration": 100,
  "metrics": {
    "validity": 1.0,
    "sum_radii": 2.5253814536362107,
    "target_ratio": 0.9583990336380307,
    "combined_score": 0.9583990336380307,
    "eval_time": 109.91123342514038
  },
  "language": "python",
  "timestamp": 1776995464.702177,
  "saved_at": 1776995465.7503316
}