{
  "id": "b8b84e73-fc5c-4398-8f05-d585099f1959",
  "generation": 8,
  "iteration": 56,
  "timestamp": 1777414377.194841,
  "parent_id": "b41f1767-d7f8-4663-8e3b-9595976ac298",
  "metrics": {
    "validity": 1.0,
    "sum_radii": 2.6359773947544625,
    "target_ratio": 1.000370927800555,
    "combined_score": 1.000370927800555,
    "eval_time": 129.21491360664368,
    "test_validity": 1.0,
    "test_sum_radii": 2.6359773947544625,
    "test_target_ratio": 1.000370927800555,
    "test_combined_score": 1.000370927800555,
    "test_eval_time": 153.34169459342957
  },
  "language": "python",
  "saved_at": 1777435169.45328,
  "budget": {
    "program_iteration": 56,
    "matched_iteration_by": "iteration",
    "run_summary": {
      "nominal_budget": 100.0,
      "total_cost": 2.00849194,
      "oob": false,
      "overshoot": 0.0,
      "overshoot_ratio": 0.0,
      "num_iterations": 100,
      "num_generation_calls": 100,
      "num_retry_calls": 1,
      "num_guide_calls": 11,
      "generation_cost_total": 1.8470426799999988,
      "retry_cost_total": 0.005491219999999999,
      "guide_cost_total": 0.15595804,
      "component_cost_total": 2.0084919399999985,
      "prompt_tokens_total": 927112,
      "completion_tokens_total": 583031,
      "input_tokens_total": 927112,
      "output_tokens_total": 583031,
      "total_tokens": 1510143,
      "generation_prompt_tokens_total": 854744,
      "generation_completion_tokens_total": 535490,
      "generation_input_tokens_total": 854744,
      "generation_output_tokens_total": 535490,
      "generation_total_tokens": 1390234,
      "retry_prompt_tokens_total": 2966,
      "retry_completion_tokens_total": 1459,
      "retry_input_tokens_total": 2966,
      "retry_output_tokens_total": 1459,
      "retry_total_tokens": 4425,
      "guide_prompt_tokens_total": 69402,
      "guide_completion_tokens_total": 46082,
      "guide_input_tokens_total": 69402,
      "guide_output_tokens_total": 46082,
      "guide_total_tokens": 115484,
      "avg_iteration_cost": 0.020084919399999998,
      "generation_cost_fraction": 0.9196166751856614,
      "retry_cost_fraction": 0.0027340015116017837,
      "guide_cost_fraction": 0.07764932330273629,
      "best_score": 1.000370927800555,
      "method": "adaevolve",
      "task_family": "circle_packing",
      "task_name": "evaluator",
      "seed": null,
      "objective_key": "sum_radii",
      "best_objective": 2.6359773947544625,
      "best_objective_iteration": 56,
      "best_combined_score": 1.000370927800555,
      "best_combined_score_iteration": 56,
      "best_target_ratio": 1.000370927800555,
      "best_target_ratio_iteration": 56,
      "target_value": null,
      "success_target": true,
      "cost_to_target": 1.0253047000000002,
      "iteration_to_target": 56
    },
    "best_iteration_trace": {
      "iteration": 56,
      "source": "iteration",
      "frontier_id": 1,
      "method": "adaevolve",
      "task_family": "circle_packing",
      "task_name": "evaluator",
      "seed": null,
      "generation_cost": 0.036547,
      "retry_cost": 0.0,
      "guide_cost": 0.0,
      "iteration_cost": 0.036547,
      "cumulative_cost": 1.0253047000000002,
      "remaining_budget_ratio": 0.989746953,
      "remaining_budget_ratio_before": 0.990112423,
      "remaining_budget_ratio_after": 0.989746953,
      "prompt_tokens": 9660,
      "completion_tokens": 12866,
      "input_tokens": 9660,
      "output_tokens": 12866,
      "model_name": "z-ai/glm-5",
      "candidate_score": 1.000370927800555,
      "local_best": 1.000370927800555,
      "global_best_before": 0.9982613695878785,
      "global_best_after": 1.000370927800555,
      "global_best": 1.000370927800555,
      "tier": "exploration",
      "base_tier": "exploration",
      "final_tier": "exploration",
      "tier_override_reason": null,
      "intensity": 0.42133603933421027,
      "lambda_t": null,
      "recent_improvement_avg": 0.42133603933421027,
      "stagnation_steps": null,
      "local_gain": 0.0021095582126765544,
      "global_gain": 0.0021095582126765544,
      "frontier_improvement": null,
      "local_gain_normalized": 0.0021132323426954437,
      "global_gain_normalized": 0.0021132323426954437,
      "utility": 0.0021095582126765544,
      "frontier_signal": null,
      "budget_bin": null,
      "action_family": null,
      "action_tier": null,
      "frontier_gain": null,
      "routing_reward": null,
      "routing_stat": null,
      "router_reward": null,
      "meta_triggered": false,
      "meta_sources": [],
      "guide_triggered": false,
      "paradigm_triggered": false,
      "paradigm_count": 0,
      "attempts_used": 1,
      "num_calls": 1,
      "num_generation_calls_this_iteration": 1,
      "num_retry_calls_this_iteration": 0,
      "num_guide_calls_this_iteration": 0,
      "total_tokens": 22526,
      "generation_prompt_tokens": 9660,
      "generation_completion_tokens": 12866,
      "generation_input_tokens": 9660,
      "generation_output_tokens": 12866,
      "retry_prompt_tokens": 0,
      "retry_completion_tokens": 0,
      "retry_input_tokens": 0,
      "retry_output_tokens": 0,
      "guide_prompt_tokens": 0,
      "guide_completion_tokens": 0,
      "guide_input_tokens": 0,
      "guide_output_tokens": 0,
      "objective_key": "sum_radii",
      "objective_value": 2.6359773947544625,
      "best_so_far_objective": 2.6359773947544625,
      "best_so_far_objective_iteration": 56,
      "target_value": null,
      "target_ratio": 1.000370927800555,
      "best_so_far_target_ratio": 1.000370927800555,
      "best_so_far_target_ratio_iteration": 56,
      "combined_score": 1.000370927800555,
      "best_so_far_combined_score": 1.000370927800555,
      "best_so_far_combined_score_iteration": 56,
      "validity": 1.0,
      "eval_time": 279.46357560157776,
      "metrics_raw": {
        "validity": 1.0,
        "sum_radii": 2.6359773947544625,
        "target_ratio": 1.000370927800555,
        "combined_score": 1.000370927800555,
        "eval_time": 129.21491360664368
      },
      "call_roles": [
        "generation"
      ],
      "call_model_names": [
        "z-ai/glm-5"
      ],
      "call_prompt_tokens": [
        9660
      ],
      "call_completion_tokens": [
        12866
      ],
      "call_input_tokens": [
        9660
      ],
      "call_output_tokens": [
        12866
      ],
      "call_total_tokens": [
        22526
      ],
      "call_costs": [
        0.036547
      ],
      "calls": [
        {
          "role": "generation",
          "model_name": "z-ai/glm-5",
          "input_tokens": 9660,
          "output_tokens": 12866,
          "total_tokens": 22526,
          "raw_cost": 0.036547,
          "meta": {}
        }
      ]
    },
    "cost_at_best": 1.0253047000000002,
    "iteration_cost_at_best": 0.036547,
    "remaining_budget_ratio_at_best": 0.989746953,
    "tokens_at_best": {
      "input_tokens": 9660,
      "output_tokens": 12866,
      "total_tokens": 22526
    },
    "call_counts_at_best": {
      "num_calls": 1,
      "generation": 1,
      "retry": 0,
      "guide": 0
    }
  }
}