{
  "id": "da378707-3ddb-4847-b732-31a1d947a1ce",
  "generation": 3,
  "iteration": 49,
  "current_iteration": 50,
  "metrics": {
    "validity": 1.0,
    "sum_radii": 2.313289528589034,
    "target_ratio": 0.8779087395024798,
    "combined_score": 0.8779087395024798,
    "eval_time": 3.2826621532440186
  },
  "language": "python",
  "timestamp": 1776157191.3628275,
  "saved_at": 1776157310.4970808
}