{
  "id": "fe0c0eda-4385-48ee-9520-6dfbc7d1fa29",
  "generation": 1,
  "iteration": 25,
  "current_iteration": 30,
  "metrics": {
    "validity": 1.0,
    "sum_radii": 1.6219119196120049,
    "target_ratio": 0.615526345203797,
    "combined_score": 0.615526345203797,
    "eval_time": 0.226731538772583
  },
  "language": "python",
  "timestamp": 1777261557.3638344,
  "saved_at": 1777263829.4431238
}