{
  "id": "674f4a57-35d0-4d44-b33f-952d6e4952f9",
  "generation": 0,
  "iteration": 0,
  "current_iteration": 10,
  "metrics": {
    "validity": 1.0,
    "sum_radii": 0.9597642169962064,
    "target_ratio": 0.36423689449571406,
    "combined_score": 0.36423689449571406,
    "eval_time": 0.1630547046661377
  },
  "language": "python",
  "timestamp": 1777218960.3364794,
  "saved_at": 1777221381.875605
}