{
  "id": "98b9afb8-00a9-4b7f-be20-442280911f5d",
  "generation": 0,
  "iteration": 99,
  "timestamp": 1776995464.702177,
  "parent_id": "b8adcaad-8582-4a86-8227-83567b700005",
  "metrics": {
    "validity": 1.0,
    "sum_radii": 2.5253814536362107,
    "target_ratio": 0.9583990336380307,
    "combined_score": 0.9583990336380307,
    "eval_time": 109.91123342514038,
    "test_validity": 1.0,
    "test_sum_radii": 2.5253814536362107,
    "test_target_ratio": 0.9583990336380307,
    "test_combined_score": 0.9583990336380307,
    "test_eval_time": 109.29597306251526
  },
  "language": "python",
  "saved_at": 1776995684.583759
}