{
  "id": "67895a61-0dce-475c-a69a-ad5687c47a16",
  "generation": 0,
  "iteration": 90,
  "current_iteration": 90,
  "metrics": {
    "validity": 1.0,
    "sum_radii": 2.525298178421417,
    "target_ratio": 0.9583674301409553,
    "combined_score": 0.9583674301409553,
    "eval_time": 203.3346884250641
  },
  "language": "python",
  "timestamp": 1776992851.225112,
  "saved_at": 1776992851.2452402
}