{
  "id": "1c53a34c-d755-4c1c-bdea-cf3a47cd5a17",
  "generation": 0,
  "iteration": 1,
  "current_iteration": 10,
  "metrics": {
    "validity": 1.0,
    "sum_radii": 2.0881793068761736,
    "target_ratio": 0.7924779153230261,
    "combined_score": 0.7924779153230261,
    "eval_time": 0.15864014625549316
  },
  "language": "python",
  "timestamp": 1777200714.2834966,
  "saved_at": 1777202485.3229656
}