{
  "id": "7ee0b018-5b83-4980-9f7d-08c4e23a0241",
  "generation": 0,
  "iteration": 29,
  "current_iteration": 30,
  "metrics": {
    "validity": 1.0,
    "sum_radii": 2.609078434230858,
    "target_ratio": 0.9901625936359993,
    "combined_score": 0.9901625936359993,
    "eval_time": 3.0483238697052
  },
  "language": "python",
  "timestamp": 1777266814.4238544,
  "saved_at": 1777266852.5387554
}