{
  "id": "097d07ba-4354-4ad2-8c22-890760e25f2e",
  "generation": 4,
  "iteration": 52,
  "timestamp": 1776158103.2137132,
  "parent_id": "da378707-3ddb-4847-b732-31a1d947a1ce",
  "metrics": {
    "validity": 1.0,
    "sum_radii": 2.357727546359478,
    "target_ratio": 0.8947732623755135,
    "combined_score": 0.8947732623755135,
    "eval_time": 30.371690273284912,
    "test_validity": 1.0,
    "test_sum_radii": 2.357727546359478,
    "test_target_ratio": 0.8947732623755135,
    "test_combined_score": 0.8947732623755135,
    "test_eval_time": 30.211305379867554
  },
  "language": "python",
  "saved_at": 1776169858.4514146
}