{
  "id": "4b632e63-c4e3-4352-8366-96f81989183e",
  "generation": 2,
  "iteration": 11,
  "current_iteration": 30,
  "metrics": {
    "validity": 1.0,
    "sum_radii": 1.5661486959808955,
    "target_ratio": 0.5943638314918009,
    "combined_score": 0.5943638314918009,
    "eval_time": 0.1409313678741455
  },
  "language": "python",
  "timestamp": 1776084223.0128562,
  "saved_at": 1776091681.3646932
}