{
  "id": "6a564145-a05a-4be4-969e-cda775a70a52",
  "generation": 0,
  "iteration": 80,
  "current_iteration": 80,
  "metrics": {
    "validity": 1.0,
    "sum_radii": 2.6359830849176245,
    "target_ratio": 1.0003730872552656,
    "combined_score": 1.0003730872552656,
    "timeout": true
  },
  "language": "python",
  "timestamp": 1775597296.8457506,
  "saved_at": 1775597296.8637474
}