{
  "id": "ef952092-478d-43d4-9540-da183b21a41e",
  "generation": 0,
  "iteration": 88,
  "current_iteration": 100,
  "metrics": {
    "validity": 1.0,
    "sum_radii": 2.6090799462655165,
    "target_ratio": 0.9901631674631942,
    "combined_score": 0.9901631674631942,
    "eval_time": 207.48728156089783
  },
  "language": "python",
  "timestamp": 1777287841.2831962,
  "saved_at": 1777292946.487678
}