{
  "num_islands": 2,
  "current_island": 0,
  "iteration_count": 9,
  "global_best_score": 0.8610442166294461,
  "decay": 0.9,
  "intensity_min": 0.15,
  "intensity_max": 0.5,
  "migration_interval": 15,
  "diversity_strategy_type": "code",
  "use_unified_archive": true,
  "use_adaptive_search": true,
  "use_ucb_selection": true,
  "fixed_intensity": 0.4,
  "adapter": {
    "states": [
      {
        "accumulated_signal": 0.18999999999999995,
        "best_score": 0.8610442166294461,
        "improvement_count": 2,
        "total_evaluations": 7,
        "decay": 0.9,
        "epsilon": 1e-08,
        "intensity_min": 0.15,
        "intensity_max": 0.5
      },
      {
        "accumulated_signal": 0.09918162784012115,
        "best_score": 0.4746050511615237,
        "improvement_count": 1,
        "total_evaluations": 3,
        "decay": 0.9,
        "epsilon": 1e-08,
        "intensity_min": 0.15,
        "intensity_max": 0.5
      }
    ],
    "dimension_visits": [
      7,
      3
    ],
    "dimension_rewards": [
      1.2604410000000001,
      0.2454397283632684
    ],
    "decayed_visits": [
      5.217031,
      2.71
    ],
    "global_best_score": 0.8610442166294461,
    "ucb_exploration": 1.41,
    "min_visits": 3,
    "decay": 0.9,
    "epsilon": 1e-08
  },
  "island_config_names": [
    "balanced",
    "balanced"
  ],
  "islands": [
    [
      "4ee9637a-af35-4006-b25c-d4c889b0cf9a",
      "128f3c5f-9b0e-46a0-ac85-11344fe7482b",
      "70b6e89f-cdc4-467d-8896-6ea1bc86b472",
      "6ce2de0d-71e4-4723-b9f3-654a0d699b03",
      "07b03279-b3f6-474f-80d8-2c5159dd4cb7",
      "22d8d3c7-73fa-4e45-b285-2193202922fa",
      "4339f71a-2d43-4f4c-b197-e78e4864f4f7"
    ],
    [
      "29b052a8-4119-4296-8279-5f33fda3ab75",
      "eda6a189-1da4-47aa-93b9-ab78f1a10dbd",
      "4934b293-bbc2-4f6c-b295-fa175743fd04",
      "323ddbb4-dfdb-4243-b2a1-936d78ae9567"
    ]
  ],
  "archive_genealogies": [
    {
      "parents": {
        "4ee9637a-af35-4006-b25c-d4c889b0cf9a": [],
        "128f3c5f-9b0e-46a0-ac85-11344fe7482b": [
          "4ee9637a-af35-4006-b25c-d4c889b0cf9a"
        ],
        "70b6e89f-cdc4-467d-8896-6ea1bc86b472": [
          "4ee9637a-af35-4006-b25c-d4c889b0cf9a"
        ],
        "6ce2de0d-71e4-4723-b9f3-654a0d699b03": [
          "4ee9637a-af35-4006-b25c-d4c889b0cf9a"
        ],
        "07b03279-b3f6-474f-80d8-2c5159dd4cb7": [
          "6ce2de0d-71e4-4723-b9f3-654a0d699b03"
        ],
        "22d8d3c7-73fa-4e45-b285-2193202922fa": [
          "07b03279-b3f6-474f-80d8-2c5159dd4cb7"
        ],
        "4339f71a-2d43-4f4c-b197-e78e4864f4f7": [
          "70b6e89f-cdc4-467d-8896-6ea1bc86b472"
        ]
      },
      "children": {
        "4ee9637a-af35-4006-b25c-d4c889b0cf9a": [
          "128f3c5f-9b0e-46a0-ac85-11344fe7482b",
          "70b6e89f-cdc4-467d-8896-6ea1bc86b472",
          "6ce2de0d-71e4-4723-b9f3-654a0d699b03"
        ],
        "6ce2de0d-71e4-4723-b9f3-654a0d699b03": [
          "07b03279-b3f6-474f-80d8-2c5159dd4cb7"
        ],
        "07b03279-b3f6-474f-80d8-2c5159dd4cb7": [
          "22d8d3c7-73fa-4e45-b285-2193202922fa"
        ],
        "70b6e89f-cdc4-467d-8896-6ea1bc86b472": [
          "4339f71a-2d43-4f4c-b197-e78e4864f4f7"
        ]
      }
    },
    {
      "parents": {
        "29b052a8-4119-4296-8279-5f33fda3ab75": [],
        "eda6a189-1da4-47aa-93b9-ab78f1a10dbd": [
          "29b052a8-4119-4296-8279-5f33fda3ab75"
        ],
        "4934b293-bbc2-4f6c-b295-fa175743fd04": [
          "eda6a189-1da4-47aa-93b9-ab78f1a10dbd"
        ],
        "323ddbb4-dfdb-4243-b2a1-936d78ae9567": [
          "eda6a189-1da4-47aa-93b9-ab78f1a10dbd"
        ]
      },
      "children": {
        "29b052a8-4119-4296-8279-5f33fda3ab75": [
          "eda6a189-1da4-47aa-93b9-ab78f1a10dbd"
        ],
        "eda6a189-1da4-47aa-93b9-ab78f1a10dbd": [
          "4934b293-bbc2-4f6c-b295-fa175743fd04",
          "323ddbb4-dfdb-4243-b2a1-936d78ae9567"
        ]
      }
    }
  ],
  "use_dynamic_islands": true,
  "max_islands": 5,
  "last_spawn_iteration": -30,
  "use_paradigm_breakthrough": true,
  "paradigm_tracker": {
    "window_size": 10,
    "improvement_threshold": 0.12,
    "max_paradigm_uses": 2,
    "max_tried_paradigms": 10,
    "num_paradigms_to_generate": 3,
    "improvement_history": [
      1.0,
      0.0,
      1.0,
      0.0,
      0.0,
      1.0,
      0.0,
      0.0,
      0.0,
      0.0
    ],
    "active_paradigms": [],
    "paradigm_usage_counts": {},
    "current_paradigm_index": 0,
    "tried_paradigms": [],
    "best_score_at_paradigm_gen": 0.0,
    "best_score_during_paradigm": 0.0
  }
}