{
  "num_islands": 2,
  "current_island": 0,
  "iteration_count": 9,
  "global_best_score": 0.5842421335035611,
  "decay": 0.9,
  "intensity_min": 0.15,
  "intensity_max": 0.5,
  "migration_interval": 15,
  "diversity_strategy_type": "code",
  "use_unified_archive": true,
  "use_adaptive_search": true,
  "use_ucb_selection": true,
  "fixed_intensity": 0.4,
  "adapter": {
    "states": [
      {
        "accumulated_signal": 0.10730137208885362,
        "best_score": 0.5842421335035611,
        "improvement_count": 3,
        "total_evaluations": 7,
        "decay": 0.9,
        "epsilon": 1e-08,
        "intensity_min": 0.15,
        "intensity_max": 0.5
      },
      {
        "accumulated_signal": 0.09039333022641928,
        "best_score": 0.38708039248346604,
        "improvement_count": 1,
        "total_evaluations": 4,
        "decay": 0.9,
        "epsilon": 1e-08,
        "intensity_min": 0.15,
        "intensity_max": 0.5
      }
    ],
    "dimension_visits": [
      7,
      4
    ],
    "dimension_rewards": [
      1.0406622666141843,
      0.059016121776164374
    ],
    "decayed_visits": [
      5.217031,
      3.439
    ],
    "global_best_score": 0.5842421335035611,
    "ucb_exploration": 1.41,
    "min_visits": 3,
    "decay": 0.9,
    "epsilon": 1e-08
  },
  "island_config_names": [
    "balanced",
    "balanced"
  ],
  "islands": [
    [
      "e85c1729-52e6-4d1b-8a3a-115b9cd59b71",
      "243be0d7-cbea-4086-8c73-997a200a6757",
      "fc9fab5b-d5de-4fb7-89e1-d8ea3a9835af",
      "4e061240-9af4-4c46-b2b7-6aa7fe93f861",
      "35be7b88-18ba-4045-9aff-317497ff3b2e",
      "6c8487ac-97d2-4af3-9e25-d054463fab7c",
      "ae730894-a880-4950-89b3-1b54a00e1a63"
    ],
    [
      "01267a2e-0637-4f0f-973b-cf96fc50e025",
      "eb47f6fe-98a9-4e6d-a954-841818b80bf3",
      "ed03abac-c959-4e5e-84b1-e4583dc4c777",
      "42a76174-3d6b-4a12-a582-014047da8b7b",
      "c3372d7c-aaac-4f83-bd9e-9bba6cde0ed7"
    ]
  ],
  "archive_genealogies": [
    {
      "parents": {
        "e85c1729-52e6-4d1b-8a3a-115b9cd59b71": [],
        "243be0d7-cbea-4086-8c73-997a200a6757": [
          "e85c1729-52e6-4d1b-8a3a-115b9cd59b71"
        ],
        "fc9fab5b-d5de-4fb7-89e1-d8ea3a9835af": [
          "e85c1729-52e6-4d1b-8a3a-115b9cd59b71"
        ],
        "4e061240-9af4-4c46-b2b7-6aa7fe93f861": [
          "e85c1729-52e6-4d1b-8a3a-115b9cd59b71"
        ],
        "35be7b88-18ba-4045-9aff-317497ff3b2e": [
          "4e061240-9af4-4c46-b2b7-6aa7fe93f861"
        ],
        "6c8487ac-97d2-4af3-9e25-d054463fab7c": [
          "35be7b88-18ba-4045-9aff-317497ff3b2e"
        ],
        "ae730894-a880-4950-89b3-1b54a00e1a63": [
          "35be7b88-18ba-4045-9aff-317497ff3b2e"
        ]
      },
      "children": {
        "e85c1729-52e6-4d1b-8a3a-115b9cd59b71": [
          "243be0d7-cbea-4086-8c73-997a200a6757",
          "fc9fab5b-d5de-4fb7-89e1-d8ea3a9835af",
          "4e061240-9af4-4c46-b2b7-6aa7fe93f861"
        ],
        "4e061240-9af4-4c46-b2b7-6aa7fe93f861": [
          "35be7b88-18ba-4045-9aff-317497ff3b2e"
        ],
        "35be7b88-18ba-4045-9aff-317497ff3b2e": [
          "6c8487ac-97d2-4af3-9e25-d054463fab7c",
          "ae730894-a880-4950-89b3-1b54a00e1a63"
        ]
      }
    },
    {
      "parents": {
        "01267a2e-0637-4f0f-973b-cf96fc50e025": [],
        "eb47f6fe-98a9-4e6d-a954-841818b80bf3": [
          "01267a2e-0637-4f0f-973b-cf96fc50e025"
        ],
        "ed03abac-c959-4e5e-84b1-e4583dc4c777": [
          "01267a2e-0637-4f0f-973b-cf96fc50e025"
        ],
        "42a76174-3d6b-4a12-a582-014047da8b7b": [
          "01267a2e-0637-4f0f-973b-cf96fc50e025"
        ],
        "c3372d7c-aaac-4f83-bd9e-9bba6cde0ed7": [
          "eb47f6fe-98a9-4e6d-a954-841818b80bf3"
        ]
      },
      "children": {
        "01267a2e-0637-4f0f-973b-cf96fc50e025": [
          "eb47f6fe-98a9-4e6d-a954-841818b80bf3",
          "ed03abac-c959-4e5e-84b1-e4583dc4c777",
          "42a76174-3d6b-4a12-a582-014047da8b7b"
        ],
        "eb47f6fe-98a9-4e6d-a954-841818b80bf3": [
          "c3372d7c-aaac-4f83-bd9e-9bba6cde0ed7"
        ]
      }
    }
  ],
  "use_dynamic_islands": true,
  "max_islands": 5,
  "last_spawn_iteration": -30,
  "use_paradigm_breakthrough": true,
  "paradigm_tracker": {
    "window_size": 10,
    "improvement_threshold": 0.12,
    "max_paradigm_uses": 2,
    "max_tried_paradigms": 10,
    "num_paradigms_to_generate": 3,
    "improvement_history": [
      0.0,
      0.0,
      0.0,
      0.0,
      0.0,
      0.0,
      1.0,
      1.0,
      1.0,
      0.0
    ],
    "active_paradigms": [],
    "paradigm_usage_counts": {},
    "current_paradigm_index": 0,
    "tried_paradigms": [],
    "best_score_at_paradigm_gen": 0.0,
    "best_score_during_paradigm": 0.0
  }
}