{
  "id": "6c8487ac-97d2-4af3-9e25-d054463fab7c",
  "generation": 3,
  "iteration": 9,
  "current_iteration": 10,
  "metrics": {
    "validity": 1.0,
    "sum_radii": 1.5394780217818835,
    "target_ratio": 0.5842421335035611,
    "combined_score": 0.5842421335035611,
    "eval_time": 0.14100313186645508
  },
  "language": "python",
  "timestamp": 1776083426.3775513,
  "saved_at": 1776083548.54746
}