{
  "id": "51b8e636-fab7-429f-9468-307ae31a0b07",
  "generation": 0,
  "iteration": 0,
  "timestamp": 1776650404.283884,
  "parent_id": null,
  "metrics": {
    "validity": 1.0,
    "sum_radii": 0.9597642169962064,
    "target_ratio": 0.36423689449571406,
    "combined_score": 0.36423689449571406,
    "eval_time": 0.13877415657043457,
    "test_validity": 1.0,
    "test_sum_radii": 0.9597642169962064,
    "test_target_ratio": 0.36423689449571406,
    "test_combined_score": 0.36423689449571406,
    "test_eval_time": 0.14482426643371582
  },
  "language": "python",
  "saved_at": 1776650420.596322
}