{
  "id": "1ec778bd-e9b8-4ee7-a76a-36b4a71c26d6",
  "generation": 6,
  "iteration": 57,
  "timestamp": 1776980575.959827,
  "parent_id": "f38f11fd-6560-4150-8c63-fafc5c237f6e",
  "metrics": {
    "validity": 1.0,
    "sum_radii": 2.63598308623967,
    "target_ratio": 1.0003730877569905,
    "combined_score": 1.0003730877569905,
    "eval_time": 203.10456132888794,
    "test_validity": 1.0,
    "test_sum_radii": 2.63429240207118,
    "test_target_ratio": 0.999731461886596,
    "test_combined_score": 0.999731461886596,
    "test_eval_time": 142.96860647201538
  },
  "language": "python",
  "saved_at": 1776999229.1532836
}