{
  "id": "e37cc733-2858-46e0-88bd-1d6346041e22",
  "generation": 1,
  "iteration": 1,
  "current_iteration": 70,
  "metrics": {
    "validity": 1.0,
    "sum_radii": 1.5987714132281035,
    "target_ratio": 0.6067443693465289,
    "combined_score": 0.6067443693465289,
    "eval_time": 0.23647260665893555
  },
  "language": "python",
  "timestamp": 1777095087.3253136,
  "saved_at": 1777110195.6965892
}