{
  "id": "6a564145-a05a-4be4-969e-cda775a70a52",
  "generation": 0,
  "iteration": 80,
  "timestamp": 1775597296.8457506,
  "parent_id": "b7d6b4f9-f678-489a-a889-096493029022",
  "metrics": {
    "validity": 1.0,
    "sum_radii": 2.6359830849176245,
    "target_ratio": 1.0003730872552656,
    "combined_score": 1.0003730872552656,
    "timeout": true,
    "test_error": 0.0,
    "test_timeout": true
  },
  "language": "python",
  "saved_at": 1775606737.2912304
}