{
  "id": "04852d51-a2d2-4b44-9b1e-5214be22b768",
  "generation": 3,
  "iteration": 95,
  "current_iteration": 100,
  "metrics": {
    "validity": 1.0,
    "sum_radii": 1.9725351342555824,
    "target_ratio": 0.7485901837782096,
    "combined_score": 0.7485901837782096,
    "eval_time": 1.0499882698059082
  },
  "language": "python",
  "timestamp": 1777117799.273104,
  "saved_at": 1777118027.2138762
}