{
  "id": "2bf801bf-fdc5-439b-ad40-ac0704b536e5",
  "generation": 0,
  "iteration": 69,
  "timestamp": 1777427578.741886,
  "parent_id": "954609e0-aaec-40cc-9ba9-12402c9c28fb",
  "metrics": {
    "validity": 1.0,
    "sum_radii": 2.62693018166344,
    "target_ratio": 0.9969374503466566,
    "combined_score": 0.9969374503466566,
    "eval_time": 10.018482446670532,
    "test_validity": 1.0,
    "test_sum_radii": 2.62693018166344,
    "test_target_ratio": 0.9969374503466566,
    "test_combined_score": 0.9969374503466566,
    "test_eval_time": 9.400565147399902
  },
  "language": "python",
  "saved_at": 1777448779.3577678,
  "budget": {
    "program_iteration": 69,
    "matched_iteration_by": "iteration",
    "run_summary": {
      "nominal_budget": 100.0,
      "total_cost": 1.9774044400000002,
      "oob": false,
      "overshoot": 0.0,
      "overshoot_ratio": 0.0,
      "num_iterations": 59,
      "num_generation_calls": 58,
      "num_retry_calls": 41,
      "num_guide_calls": 7,
      "generation_cost_total": 1.1879129199999996,
      "retry_cost_total": 0.6897876399999998,
      "guide_cost_total": 0.09970387999999998,
      "component_cost_total": 1.9774044399999995,
      "prompt_tokens_total": 438032,
      "completion_tokens_total": 722618,
      "input_tokens_total": 438032,
      "output_tokens_total": 722618,
      "total_tokens": 1160650,
      "generation_prompt_tokens_total": 250706,
      "generation_completion_tokens_total": 438002,
      "generation_input_tokens_total": 250706,
      "generation_output_tokens_total": 438002,
      "generation_total_tokens": 688708,
      "retry_prompt_tokens_total": 158782,
      "retry_completion_tokens_total": 250202,
      "retry_input_tokens_total": 158782,
      "retry_output_tokens_total": 250202,
      "retry_total_tokens": 408984,
      "guide_prompt_tokens_total": 28544,
      "guide_completion_tokens_total": 34414,
      "guide_input_tokens_total": 28544,
      "guide_output_tokens_total": 34414,
      "guide_total_tokens": 62958,
      "avg_iteration_cost": 0.03351532949152543,
      "generation_cost_fraction": 0.6007435282182332,
      "retry_cost_fraction": 0.3488348797274875,
      "guide_cost_fraction": 0.05042159205427898,
      "best_score": 0.9969374503466566,
      "method": "evox",
      "task_family": "circle_packing",
      "task_name": "evaluator",
      "seed": null,
      "objective_key": "sum_radii",
      "best_objective": 2.62693018166344,
      "best_objective_iteration": 69,
      "best_combined_score": 0.9969374503466566,
      "best_combined_score_iteration": 69,
      "best_target_ratio": 0.9969374503466566,
      "best_target_ratio_iteration": 69,
      "target_value": null,
      "success_target": false,
      "cost_to_target": null,
      "iteration_to_target": null
    },
    "best_iteration_trace": {
      "iteration": 69,
      "source": "iteration",
      "frontier_id": null,
      "method": "evox",
      "task_family": "circle_packing",
      "task_name": "evaluator",
      "seed": null,
      "generation_cost": 0.01270872,
      "retry_cost": 0.00892924,
      "guide_cost": 0.0,
      "iteration_cost": 0.021637959999999998,
      "cumulative_cost": 1.4160871400000001,
      "remaining_budget_ratio": 0.9858391286,
      "remaining_budget_ratio_before": 0.9860555082,
      "remaining_budget_ratio_after": 0.9858391286,
      "prompt_tokens": 5858,
      "completion_tokens": 7574,
      "input_tokens": 5858,
      "output_tokens": 7574,
      "model_name": "z-ai/glm-5",
      "candidate_score": 0.9969374503466566,
      "local_best": 0.9969374503466566,
      "global_best_before": 0.9965444286700562,
      "global_best_after": 0.9969374503466566,
      "global_best": 0.9969374503466566,
      "tier": null,
      "base_tier": null,
      "final_tier": null,
      "tier_override_reason": null,
      "intensity": null,
      "lambda_t": null,
      "recent_improvement_avg": null,
      "stagnation_steps": null,
      "local_gain": 0.00039302167660038023,
      "global_gain": 0.00039302167660038023,
      "frontier_improvement": null,
      "local_gain_normalized": 0.00039438450037284283,
      "global_gain_normalized": 0.00039438450037284283,
      "utility": 0.00039302167660038023,
      "frontier_signal": null,
      "budget_bin": null,
      "action_family": null,
      "action_tier": null,
      "frontier_gain": null,
      "routing_reward": null,
      "routing_stat": null,
      "router_reward": null,
      "meta_triggered": false,
      "meta_sources": [],
      "guide_triggered": false,
      "paradigm_triggered": false,
      "paradigm_count": 0,
      "attempts_used": 2,
      "num_calls": 2,
      "num_generation_calls_this_iteration": 1,
      "num_retry_calls_this_iteration": 1,
      "num_guide_calls_this_iteration": 0,
      "total_tokens": 13432,
      "generation_prompt_tokens": 2701,
      "generation_completion_tokens": 4680,
      "generation_input_tokens": 2701,
      "generation_output_tokens": 4680,
      "retry_prompt_tokens": 3157,
      "retry_completion_tokens": 2894,
      "retry_input_tokens": 3157,
      "retry_output_tokens": 2894,
      "guide_prompt_tokens": 0,
      "guide_completion_tokens": 0,
      "guide_input_tokens": 0,
      "guide_output_tokens": 0,
      "objective_key": "sum_radii",
      "objective_value": 2.62693018166344,
      "best_so_far_objective": 2.62693018166344,
      "best_so_far_objective_iteration": 69,
      "target_value": null,
      "target_ratio": 0.9969374503466566,
      "best_so_far_target_ratio": 0.9969374503466566,
      "best_so_far_target_ratio_iteration": 69,
      "combined_score": 0.9969374503466566,
      "best_so_far_combined_score": 0.9969374503466566,
      "best_so_far_combined_score_iteration": 69,
      "validity": 1.0,
      "eval_time": 18.83385968208313,
      "metrics_raw": {
        "validity": 1.0,
        "sum_radii": 2.62693018166344,
        "target_ratio": 0.9969374503466566,
        "combined_score": 0.9969374503466566,
        "eval_time": 10.018482446670532
      },
      "call_roles": [
        "generation",
        "retry"
      ],
      "call_model_names": [
        "z-ai/glm-5",
        "z-ai/glm-5"
      ],
      "call_prompt_tokens": [
        2701,
        3157
      ],
      "call_completion_tokens": [
        4680,
        2894
      ],
      "call_input_tokens": [
        2701,
        3157
      ],
      "call_output_tokens": [
        4680,
        2894
      ],
      "call_total_tokens": [
        7381,
        6051
      ],
      "call_costs": [
        0.01270872,
        0.00892924
      ],
      "calls": [
        {
          "role": "generation",
          "model_name": "z-ai/glm-5",
          "input_tokens": 2701,
          "output_tokens": 4680,
          "total_tokens": 7381,
          "raw_cost": 0.01270872,
          "meta": {}
        },
        {
          "role": "retry",
          "model_name": "z-ai/glm-5",
          "input_tokens": 3157,
          "output_tokens": 2894,
          "total_tokens": 6051,
          "raw_cost": 0.00892924,
          "meta": {}
        }
      ]
    },
    "cost_at_best": 1.4160871400000001,
    "iteration_cost_at_best": 0.021637959999999998,
    "remaining_budget_ratio_at_best": 0.9858391286,
    "tokens_at_best": {
      "input_tokens": 5858,
      "output_tokens": 7574,
      "total_tokens": 13432
    },
    "call_counts_at_best": {
      "num_calls": 2,
      "generation": 1,
      "retry": 1,
      "guide": 0
    }
  }
}