{
  "id": "097d07ba-4354-4ad2-8c22-890760e25f2e",
  "generation": 4,
  "iteration": 52,
  "current_iteration": 80,
  "metrics": {
    "validity": 1.0,
    "sum_radii": 2.357727546359478,
    "target_ratio": 0.8947732623755135,
    "combined_score": 0.8947732623755135,
    "eval_time": 30.371690273284912
  },
  "language": "python",
  "timestamp": 1776158103.2137132,
  "saved_at": 1776164868.3232281
}