{
  "id": "f12efc0b-a4c2-462d-b3a4-7e8c41771bd0",
  "generation": 0,
  "iteration": 14,
  "current_iteration": 20,
  "metrics": {
    "validity": 1.0,
    "sum_radii": 2.387107510106449,
    "target_ratio": 0.905923153740588,
    "combined_score": 0.905923153740588,
    "eval_time": 0.18559908866882324
  },
  "language": "python",
  "timestamp": 1777042480.2155912,
  "saved_at": 1777046306.15027
}