{
  "id": "9f15f75b-81e4-4d03-ae33-df79abf31ad7",
  "generation": 4,
  "iteration": 21,
  "current_iteration": 30,
  "metrics": {
    "validity": 1.0,
    "sum_radii": 2.61934051488084,
    "target_ratio": 0.9940571213969033,
    "combined_score": 0.9940571213969033,
    "eval_time": 217.14722895622253
  },
  "language": "python",
  "timestamp": 1776056838.5889463,
  "saved_at": 1776062471.800393
}