{
  "id": "cba3ec33-690a-45ba-8057-1efcf50bc4ed",
  "generation": 2,
  "iteration": 11,
  "current_iteration": 30,
  "metrics": {
    "validity": 1.0,
    "sum_radii": 2.6173215269736985,
    "target_ratio": 0.993290902077305,
    "combined_score": 0.993290902077305,
    "eval_time": 27.52695941925049
  },
  "language": "python",
  "timestamp": 1775814010.462767,
  "saved_at": 1775834759.5948043
}