{
  "id": "c85306f6-f97d-48cc-acff-df217646f949",
  "generation": 0,
  "iteration": 0,
  "timestamp": 1776851781.1428702,
  "parent_id": null,
  "metrics": {
    "validity": 1.0,
    "sum_radii": 0.9597642169962064,
    "target_ratio": 0.36423689449571406,
    "combined_score": 0.36423689449571406,
    "eval_time": 0.1485288143157959,
    "test_validity": 1.0,
    "test_sum_radii": 0.9597642169962064,
    "test_target_ratio": 0.36423689449571406,
    "test_combined_score": 0.36423689449571406,
    "test_eval_time": 0.1462266445159912
  },
  "language": "python",
  "saved_at": 1776851781.9977412
}