{
  "id": "ee350648-2080-4d23-85fa-c9300225b8c8",
  "generation": 2,
  "iteration": 36,
  "timestamp": 1777369843.0514581,
  "parent_id": "62e9219a-c83f-4113-86b7-7cf4837a74b1",
  "metrics": {
    "validity": 1.0,
    "sum_radii": 1.7289770832661042,
    "target_ratio": 0.6561582858694893,
    "combined_score": 0.6561582858694893,
    "eval_time": 0.1496601104736328
  },
  "language": "python",
  "saved_at": 1777374987.3027205,
  "current_iteration": 50,
  "budget": {
    "program_iteration": 36,
    "matched_iteration_by": "iteration",
    "run_summary": {
      "nominal_budget": 1.0,
      "total_cost": 0.68465256,
      "oob": false,
      "overshoot": 0.0,
      "overshoot_ratio": 0.0,
      "num_iterations": 49,
      "num_generation_calls": 49,
      "num_retry_calls": 13,
      "num_guide_calls": 1,
      "generation_cost_total": 0.5227208199999998,
      "retry_cost_total": 0.14089548000000002,
      "guide_cost_total": 0.021036259999999998,
      "component_cost_total": 0.6846525599999997,
      "prompt_tokens_total": 530543,
      "completion_tokens_total": 131592,
      "input_tokens_total": 530543,
      "output_tokens_total": 131592,
      "total_tokens": 662135,
      "generation_prompt_tokens_total": 414546,
      "generation_completion_tokens_total": 97499,
      "generation_input_tokens_total": 414546,
      "generation_output_tokens_total": 97499,
      "generation_total_tokens": 512045,
      "retry_prompt_tokens_total": 110684,
      "retry_completion_tokens_total": 26610,
      "retry_input_tokens_total": 110684,
      "retry_output_tokens_total": 26610,
      "retry_total_tokens": 137294,
      "guide_prompt_tokens_total": 5313,
      "guide_completion_tokens_total": 7483,
      "guide_input_tokens_total": 5313,
      "guide_output_tokens_total": 7483,
      "guide_total_tokens": 12796,
      "avg_iteration_cost": 0.013972501224489795,
      "generation_cost_fraction": 0.7634833352554758,
      "retry_cost_fraction": 0.20579121182282592,
      "guide_cost_fraction": 0.030725452921697975,
      "best_score": 0.6561582858694893,
      "method": "costada",
      "task_family": "circle_packing",
      "task_name": "evaluator",
      "seed": null,
      "objective_key": "sum_radii",
      "best_objective": 1.7289770832661042,
      "best_objective_iteration": 36,
      "best_combined_score": 0.6561582858694893,
      "best_combined_score_iteration": 36,
      "best_target_ratio": 0.6561582858694893,
      "best_target_ratio_iteration": 36,
      "target_value": null,
      "success_target": false,
      "cost_to_target": null,
      "iteration_to_target": null
    },
    "best_iteration_trace": {
      "iteration": 36,
      "source": "iteration",
      "frontier_id": 1,
      "method": "costada",
      "task_family": "circle_packing",
      "task_name": "evaluator",
      "seed": null,
      "generation_cost": 0.011381200000000001,
      "retry_cost": 0.020961699999999996,
      "guide_cost": 0.0,
      "iteration_cost": 0.032342899999999994,
      "cumulative_cost": 0.4572538,
      "remaining_budget_ratio": 0.5427462000000001,
      "remaining_budget_ratio_before": 0.5750891,
      "remaining_budget_ratio_after": 0.5427462000000001,
      "prompt_tokens": 27495,
      "completion_tokens": 5455,
      "input_tokens": 27495,
      "output_tokens": 5455,
      "model_name": "z-ai/glm-5",
      "candidate_score": 0.6561582858694893,
      "local_best": 0.6561582858694893,
      "global_best_before": 0.650934499431575,
      "global_best_after": 0.6561582858694893,
      "global_best": 0.6561582858694893,
      "tier": "rich",
      "base_tier": "rich",
      "final_tier": "rich",
      "tier_override_reason": "",
      "intensity": 0.460809660667612,
      "lambda_t": 0.45725379999999993,
      "recent_improvement_avg": 0.0006529733047392905,
      "stagnation_steps": 0,
      "local_gain": 0.008025056964219852,
      "global_gain": 0.008025056964219852,
      "frontier_improvement": 0.005223786437914324,
      "local_gain_normalized": 0.008025056964219852,
      "global_gain_normalized": 0.008025056964219852,
      "utility": 0.007773635062748872,
      "frontier_signal": 0.015086428806856794,
      "budget_bin": null,
      "action_family": null,
      "action_tier": null,
      "frontier_gain": null,
      "routing_reward": 0.007773635062748872,
      "routing_stat": 0.000777363506274887,
      "router_reward": 0.007773635062748872,
      "meta_triggered": false,
      "meta_sources": [],
      "guide_triggered": false,
      "paradigm_triggered": false,
      "paradigm_count": 0,
      "attempts_used": 3,
      "num_calls": 3,
      "num_generation_calls_this_iteration": 1,
      "num_retry_calls_this_iteration": 2,
      "num_guide_calls_this_iteration": 0,
      "total_tokens": 32950,
      "generation_prompt_tokens": 9265,
      "generation_completion_tokens": 2048,
      "generation_input_tokens": 9265,
      "generation_output_tokens": 2048,
      "retry_prompt_tokens": 18230,
      "retry_completion_tokens": 3407,
      "retry_input_tokens": 18230,
      "retry_output_tokens": 3407,
      "guide_prompt_tokens": 0,
      "guide_completion_tokens": 0,
      "guide_input_tokens": 0,
      "guide_output_tokens": 0,
      "objective_key": "sum_radii",
      "objective_value": 1.7289770832661042,
      "best_so_far_objective": 1.7289770832661042,
      "best_so_far_objective_iteration": 36,
      "target_value": null,
      "target_ratio": 0.6561582858694893,
      "best_so_far_target_ratio": 0.6561582858694893,
      "best_so_far_target_ratio_iteration": 36,
      "combined_score": 0.6561582858694893,
      "best_so_far_combined_score": 0.6561582858694893,
      "best_so_far_combined_score_iteration": 36,
      "validity": 1.0,
      "eval_time": 0.3080322742462158,
      "metrics_raw": {
        "validity": 1.0,
        "sum_radii": 1.7289770832661042,
        "target_ratio": 0.6561582858694893,
        "combined_score": 0.6561582858694893,
        "eval_time": 0.1496601104736328
      },
      "call_roles": [
        "generation",
        "retry",
        "retry"
      ],
      "call_model_names": [
        "z-ai/glm-5",
        "z-ai/glm-5",
        "z-ai/glm-5"
      ],
      "call_prompt_tokens": [
        9265,
        9154,
        9076
      ],
      "call_completion_tokens": [
        2048,
        2048,
        1359
      ],
      "call_input_tokens": [
        9265,
        9154,
        9076
      ],
      "call_output_tokens": [
        2048,
        2048,
        1359
      ],
      "call_total_tokens": [
        11313,
        11202,
        10435
      ],
      "call_costs": [
        0.011381200000000001,
        0.011301279999999999,
        0.009660419999999998
      ],
      "calls": [
        {
          "role": "generation",
          "model_name": "z-ai/glm-5",
          "input_tokens": 9265,
          "output_tokens": 2048,
          "total_tokens": 11313,
          "raw_cost": 0.011381200000000001,
          "meta": {}
        },
        {
          "role": "retry",
          "model_name": "z-ai/glm-5",
          "input_tokens": 9154,
          "output_tokens": 2048,
          "total_tokens": 11202,
          "raw_cost": 0.011301279999999999,
          "meta": {}
        },
        {
          "role": "retry",
          "model_name": "z-ai/glm-5",
          "input_tokens": 9076,
          "output_tokens": 1359,
          "total_tokens": 10435,
          "raw_cost": 0.009660419999999998,
          "meta": {}
        }
      ]
    },
    "cost_at_best": 0.4572538,
    "iteration_cost_at_best": 0.032342899999999994,
    "remaining_budget_ratio_at_best": 0.5427462000000001,
    "tokens_at_best": {
      "input_tokens": 27495,
      "output_tokens": 5455,
      "total_tokens": 32950
    },
    "call_counts_at_best": {
      "num_calls": 3,
      "generation": 1,
      "retry": 2,
      "guide": 0
    }
  }
}