{
  "id": "e5d074c5-21b3-469d-810d-ba970c1aaccb",
  "generation": 5,
  "iteration": 40,
  "current_iteration": 40,
  "metrics": {
    "validity": 1.0,
    "sum_radii": 2.623074987243025,
    "target_ratio": 0.9954743784603511,
    "combined_score": 0.9954743784603511,
    "eval_time": 110.39445948600769
  },
  "language": "python",
  "timestamp": 1776071743.4341338,
  "saved_at": 1776071743.4924304
}