{
  "id": "de309d4d-861f-4f3b-a8ae-f01987e9763a",
  "generation": 4,
  "iteration": 95,
  "timestamp": 1777458176.8899999,
  "parent_id": "adc62e0e-1e18-4227-a031-2c069cd533ce",
  "metrics": {
    "validity": 1.0,
    "sum_radii": 1.8541753449510212,
    "target_ratio": 0.7036718576664218,
    "combined_score": 0.7036718576664218,
    "eval_time": 0.1465764045715332,
    "test_validity": 1.0,
    "test_sum_radii": 1.8541753449510212,
    "test_target_ratio": 0.7036718576664218,
    "test_combined_score": 0.7036718576664218,
    "test_eval_time": 0.12480401992797852
  },
  "language": "python",
  "saved_at": 1777458450.801522,
  "budget": {
    "program_iteration": 95,
    "matched_iteration_by": "iteration",
    "run_summary": {
      "nominal_budget": 1.0,
      "total_cost": 1.2002806400000001,
      "oob": true,
      "overshoot": 0.20028064000000012,
      "overshoot_ratio": 0.20028064000000012,
      "num_iterations": 100,
      "num_generation_calls": 100,
      "num_retry_calls": 39,
      "num_guide_calls": 0,
      "generation_cost_total": 0.9428633200000002,
      "retry_cost_total": 0.25741732,
      "guide_cost_total": 0.0,
      "component_cost_total": 1.2002806400000001,
      "prompt_tokens_total": 903137,
      "completion_tokens_total": 239140,
      "input_tokens_total": 903137,
      "output_tokens_total": 239140,
      "total_tokens": 1142277,
      "generation_prompt_tokens_total": 696346,
      "generation_completion_tokens_total": 191954,
      "generation_input_tokens_total": 696346,
      "generation_output_tokens_total": 191954,
      "generation_total_tokens": 888300,
      "retry_prompt_tokens_total": 206791,
      "retry_completion_tokens_total": 47186,
      "retry_input_tokens_total": 206791,
      "retry_output_tokens_total": 47186,
      "retry_total_tokens": 253977,
      "guide_prompt_tokens_total": 0,
      "guide_completion_tokens_total": 0,
      "guide_input_tokens_total": 0,
      "guide_output_tokens_total": 0,
      "guide_total_tokens": 0,
      "avg_iteration_cost": 0.012002806400000001,
      "generation_cost_fraction": 0.7855357227123151,
      "retry_cost_fraction": 0.21446427728768497,
      "guide_cost_fraction": 0.0,
      "best_score": 0.7036718576664218,
      "method": "costada",
      "task_family": "circle_packing",
      "task_name": "evaluator",
      "seed": null,
      "objective_key": "combined_score",
      "best_objective": 1.8541753449510212,
      "best_objective_iteration": 95,
      "best_combined_score": 0.7036718576664218,
      "best_combined_score_iteration": 95,
      "best_target_ratio": 0.7036718576664218,
      "best_target_ratio_iteration": 95,
      "target_value": null,
      "success_target": false,
      "cost_to_target": null,
      "iteration_to_target": null
    },
    "best_iteration_trace": {
      "iteration": 95,
      "source": "iteration",
      "frontier_id": 1,
      "method": "costada",
      "task_family": "circle_packing",
      "task_name": "evaluator",
      "seed": null,
      "generation_cost": 0.00902982,
      "retry_cost": 0.0,
      "guide_cost": 0.0,
      "iteration_cost": 0.00902982,
      "cumulative_cost": 1.15111834,
      "remaining_budget_ratio": 0.0,
      "remaining_budget_ratio_before": 0.0,
      "remaining_budget_ratio_after": 0.0,
      "prompt_tokens": 3581,
      "completion_tokens": 2805,
      "input_tokens": 3581,
      "output_tokens": 2805,
      "model_name": "z-ai/glm-5",
      "candidate_score": 0.7036718576664218,
      "local_best": 0.7036718576664218,
      "global_best_before": 0.6748186925890897,
      "global_best_after": 0.7036718576664218,
      "global_best": 0.7036718576664218,
      "tier": "cheap",
      "base_tier": "rich",
      "final_tier": "cheap",
      "tier_override_reason": "low_budget_force_cheap",
      "intensity": 0.48852208106485717,
      "lambda_t": 1.0,
      "recent_improvement_avg": 0.0036066456346665193,
      "stagnation_steps": 0,
      "local_gain": 0.04275691440412042,
      "global_gain": 0.04275691440412042,
      "frontier_improvement": 0.028853165077332155,
      "local_gain_normalized": 0.04275691440412042,
      "global_gain_normalized": 0.04275691440412042,
      "utility": 0.04237428226265941,
      "frontier_signal": 0.005272072441413794,
      "budget_bin": null,
      "action_family": null,
      "action_tier": null,
      "frontier_gain": null,
      "routing_reward": 0.04237428226265941,
      "routing_stat": 0.0051182672608651916,
      "router_reward": 0.04237428226265941,
      "meta_triggered": false,
      "meta_sources": [],
      "guide_triggered": false,
      "paradigm_triggered": false,
      "paradigm_count": 0,
      "attempts_used": 1,
      "num_calls": 1,
      "num_generation_calls_this_iteration": 1,
      "num_retry_calls_this_iteration": 0,
      "num_guide_calls_this_iteration": 0,
      "total_tokens": 6386,
      "generation_prompt_tokens": 3581,
      "generation_completion_tokens": 2805,
      "generation_input_tokens": 3581,
      "generation_output_tokens": 2805,
      "retry_prompt_tokens": 0,
      "retry_completion_tokens": 0,
      "retry_input_tokens": 0,
      "retry_output_tokens": 0,
      "guide_prompt_tokens": 0,
      "guide_completion_tokens": 0,
      "guide_input_tokens": 0,
      "guide_output_tokens": 0,
      "objective_key": "sum_radii",
      "objective_value": 1.8541753449510212,
      "best_so_far_objective": 1.8541753449510212,
      "best_so_far_objective_iteration": 95,
      "target_value": null,
      "target_ratio": 0.7036718576664218,
      "best_so_far_target_ratio": 0.7036718576664218,
      "best_so_far_target_ratio_iteration": 95,
      "combined_score": 0.7036718576664218,
      "best_so_far_combined_score": 0.7036718576664218,
      "best_so_far_combined_score_iteration": 95,
      "validity": 1.0,
      "eval_time": 0.3032968044281006,
      "metrics_raw": {
        "validity": 1.0,
        "sum_radii": 1.8541753449510212,
        "target_ratio": 0.7036718576664218,
        "combined_score": 0.7036718576664218,
        "eval_time": 0.1465764045715332
      },
      "call_roles": [
        "generation"
      ],
      "call_model_names": [
        "z-ai/glm-5"
      ],
      "call_prompt_tokens": [
        3581
      ],
      "call_completion_tokens": [
        2805
      ],
      "call_input_tokens": [
        3581
      ],
      "call_output_tokens": [
        2805
      ],
      "call_total_tokens": [
        6386
      ],
      "call_costs": [
        0.00902982
      ],
      "calls": [
        {
          "role": "generation",
          "model_name": "z-ai/glm-5",
          "input_tokens": 3581,
          "output_tokens": 2805,
          "total_tokens": 6386,
          "raw_cost": 0.00902982,
          "meta": {}
        }
      ]
    },
    "cost_at_best": 1.15111834,
    "iteration_cost_at_best": 0.00902982,
    "remaining_budget_ratio_at_best": 0.0,
    "tokens_at_best": {
      "input_tokens": 3581,
      "output_tokens": 2805,
      "total_tokens": 6386
    },
    "call_counts_at_best": {
      "num_calls": 1,
      "generation": 1,
      "retry": 0,
      "guide": 0
    }
  }
}