{
  "id": "07c4e3ee-b5c5-49f2-8cb6-a0f461a27c95",
  "generation": 0,
  "iteration": 52,
  "current_iteration": 60,
  "metrics": {
    "validity": 1.0,
    "sum_radii": 2.5253601096895184,
    "target_ratio": 0.958390933468508,
    "combined_score": 0.958390933468508,
    "eval_time": 22.560056686401367
  },
  "language": "python",
  "timestamp": 1777058167.1486979,
  "saved_at": 1777062055.7066038
}