{
  "id": "5cd7f935-1539-4ab2-838a-83696ddbb5a0",
  "generation": 0,
  "iteration": 98,
  "timestamp": 1777234175.9360871,
  "parent_id": "ccf51fb3-ee7f-408e-b72d-1f446a14eccf",
  "metrics": {
    "validity": 1.0,
    "sum_radii": 2.615160510359331,
    "target_ratio": 0.9924707819200499,
    "combined_score": 0.9924707819200499,
    "eval_time": 166.10304069519043,
    "test_error": 0.0,
    "test_timeout": true
  },
  "language": "python",
  "saved_at": 1777236378.8668242
}