{
  "id": "ded6b1ac-e235-4d7b-8afe-154b6d1fbcaa",
  "generation": 2,
  "iteration": 10,
  "current_iteration": 100,
  "metrics": {
    "validity": 1.0,
    "sum_radii": 2.2879067587752737,
    "target_ratio": 0.8682758097818877,
    "combined_score": 0.8682758097818877,
    "eval_time": 0.386615514755249
  },
  "language": "python",
  "timestamp": 1776772009.2944436,
  "saved_at": 1776772221.1244383
}