{
  "id": "b9335531-dc3e-4eaf-8e35-5f167aaa117f",
  "generation": 5,
  "iteration": 58,
  "timestamp": 1777377814.2099507,
  "parent_id": "da103a0d-a1e8-4bf1-8fcb-9248378facfe",
  "metrics": {
    "validity": 1.0,
    "sum_radii": 2.4392684731728504,
    "target_ratio": 0.9257185856443456,
    "combined_score": 0.9257185856443456,
    "eval_time": 285.58363699913025
  },
  "language": "python",
  "saved_at": 1777380504.318422,
  "current_iteration": 90,
  "budget": {
    "program_iteration": 58,
    "matched_iteration_by": "iteration",
    "run_summary": {
      "nominal_budget": 1.0,
      "total_cost": 1.1133118600000003,
      "oob": true,
      "overshoot": 0.11331186000000026,
      "overshoot_ratio": 0.11331186000000026,
      "num_iterations": 89,
      "num_generation_calls": 89,
      "num_retry_calls": 35,
      "num_guide_calls": 2,
      "generation_cost_total": 0.8109414999999999,
      "retry_cost_total": 0.26736804,
      "guide_cost_total": 0.035002319999999996,
      "component_cost_total": 1.1133118599999998,
      "prompt_tokens_total": 881033,
      "completion_tokens_total": 208247,
      "input_tokens_total": 881033,
      "output_tokens_total": 208247,
      "total_tokens": 1089280,
      "generation_prompt_tokens_total": 644135,
      "generation_completion_tokens_total": 150941,
      "generation_input_tokens_total": 644135,
      "generation_output_tokens_total": 150941,
      "generation_total_tokens": 795076,
      "retry_prompt_tokens_total": 226272,
      "retry_completion_tokens_total": 45414,
      "retry_input_tokens_total": 226272,
      "retry_output_tokens_total": 45414,
      "retry_total_tokens": 271686,
      "guide_prompt_tokens_total": 10626,
      "guide_completion_tokens_total": 11892,
      "guide_input_tokens_total": 10626,
      "guide_output_tokens_total": 11892,
      "guide_total_tokens": 22518,
      "avg_iteration_cost": 0.012509122022471912,
      "generation_cost_fraction": 0.7284046179118219,
      "retry_cost_fraction": 0.24015556611424216,
      "guide_cost_fraction": 0.03143981597393563,
      "best_score": 0.9257185856443456,
      "method": "costada",
      "task_family": "circle_packing",
      "task_name": "evaluator",
      "seed": null,
      "objective_key": "sum_radii",
      "best_objective": 2.4392684731728504,
      "best_objective_iteration": 58,
      "best_combined_score": 0.9257185856443456,
      "best_combined_score_iteration": 58,
      "best_target_ratio": 0.9257185856443456,
      "best_target_ratio_iteration": 58,
      "target_value": null,
      "success_target": false,
      "cost_to_target": null,
      "iteration_to_target": null
    },
    "best_iteration_trace": {
      "iteration": 58,
      "source": "iteration",
      "frontier_id": 0,
      "method": "costada",
      "task_family": "circle_packing",
      "task_name": "evaluator",
      "seed": null,
      "generation_cost": 0.00990656,
      "retry_cost": 0.0,
      "guide_cost": 0.0,
      "iteration_cost": 0.00990656,
      "cumulative_cost": 0.8476381199999999,
      "remaining_budget_ratio": 0.15236188000000006,
      "remaining_budget_ratio_before": 0.16226844000000007,
      "remaining_budget_ratio_after": 0.15236188000000006,
      "prompt_tokens": 7498,
      "completion_tokens": 1960,
      "input_tokens": 7498,
      "output_tokens": 1960,
      "model_name": "z-ai/glm-5",
      "candidate_score": 0.9257185856443456,
      "local_best": 0.9257185856443456,
      "global_best_before": 0.9157028697358714,
      "global_best_after": 0.9257185856443456,
      "global_best": 0.9257185856443456,
      "tier": "rich",
      "base_tier": "rich",
      "final_tier": "rich",
      "tier_override_reason": "",
      "intensity": 0.4747273681884694,
      "lambda_t": 0.8476381199999999,
      "recent_improvement_avg": 0.03369503747185704,
      "stagnation_steps": 0,
      "local_gain": 0.4108159655679059,
      "global_gain": 0.010937735634008806,
      "frontier_improvement": 0.010015715908474165,
      "local_gain_normalized": 0.010937735634008806,
      "global_gain_normalized": 0.010937735634008806,
      "utility": 0.07115899367740483,
      "frontier_signal": 0.012567260427903345,
      "budget_bin": null,
      "action_family": null,
      "action_tier": null,
      "frontier_gain": null,
      "routing_reward": 0.010830443198634939,
      "routing_stat": 0.006317049267817163,
      "router_reward": 0.010830443198634939,
      "meta_triggered": false,
      "meta_sources": [],
      "guide_triggered": false,
      "paradigm_triggered": false,
      "paradigm_count": 0,
      "attempts_used": 1,
      "num_calls": 1,
      "num_generation_calls_this_iteration": 1,
      "num_retry_calls_this_iteration": 0,
      "num_guide_calls_this_iteration": 0,
      "total_tokens": 9458,
      "generation_prompt_tokens": 7498,
      "generation_completion_tokens": 1960,
      "generation_input_tokens": 7498,
      "generation_output_tokens": 1960,
      "retry_prompt_tokens": 0,
      "retry_completion_tokens": 0,
      "retry_input_tokens": 0,
      "retry_output_tokens": 0,
      "guide_prompt_tokens": 0,
      "guide_completion_tokens": 0,
      "guide_input_tokens": 0,
      "guide_output_tokens": 0,
      "objective_key": "sum_radii",
      "objective_value": 2.4392684731728504,
      "best_so_far_objective": 2.4392684731728504,
      "best_so_far_objective_iteration": 58,
      "target_value": null,
      "target_ratio": 0.9257185856443456,
      "best_so_far_target_ratio": 0.9257185856443456,
      "best_so_far_target_ratio_iteration": 58,
      "combined_score": 0.9257185856443456,
      "best_so_far_combined_score": 0.9257185856443456,
      "best_so_far_combined_score_iteration": 58,
      "validity": 1.0,
      "eval_time": 567.2815799713135,
      "metrics_raw": {
        "validity": 1.0,
        "sum_radii": 2.4392684731728504,
        "target_ratio": 0.9257185856443456,
        "combined_score": 0.9257185856443456,
        "eval_time": 285.58363699913025
      },
      "call_roles": [
        "generation"
      ],
      "call_model_names": [
        "z-ai/glm-5"
      ],
      "call_prompt_tokens": [
        7498
      ],
      "call_completion_tokens": [
        1960
      ],
      "call_input_tokens": [
        7498
      ],
      "call_output_tokens": [
        1960
      ],
      "call_total_tokens": [
        9458
      ],
      "call_costs": [
        0.00990656
      ],
      "calls": [
        {
          "role": "generation",
          "model_name": "z-ai/glm-5",
          "input_tokens": 7498,
          "output_tokens": 1960,
          "total_tokens": 9458,
          "raw_cost": 0.00990656,
          "meta": {}
        }
      ]
    },
    "cost_at_best": 0.8476381199999999,
    "iteration_cost_at_best": 0.00990656,
    "remaining_budget_ratio_at_best": 0.15236188000000006,
    "tokens_at_best": {
      "input_tokens": 7498,
      "output_tokens": 1960,
      "total_tokens": 9458
    },
    "call_counts_at_best": {
      "num_calls": 1,
      "generation": 1,
      "retry": 0,
      "guide": 0
    }
  }
}