{
  "id": "33dde9f7-471c-4762-a986-4af8bf4d3003",
  "generation": 0,
  "iteration": 0,
  "current_iteration": 10,
  "metrics": {
    "validity": 1.0,
    "sum_radii": 0.9597642169962064,
    "target_ratio": 0.36423689449571406,
    "combined_score": 0.36423689449571406,
    "eval_time": 0.13477039337158203
  },
  "language": "python",
  "timestamp": 1777119434.485131,
  "saved_at": 1777120858.0622706
}