{
  "num_islands": 2,
  "current_island": 1,
  "iteration_count": 9,
  "global_best_score": 0.6122224792630013,
  "decay": 0.9,
  "intensity_min": 0.15,
  "intensity_max": 0.5,
  "migration_interval": 15,
  "diversity_strategy_type": "code",
  "use_unified_archive": true,
  "use_adaptive_search": true,
  "use_ucb_selection": true,
  "fixed_intensity": 0.4,
  "adapter": {
    "states": [
      {
        "accumulated_signal": 0.08956638907526696,
        "best_score": 0.5266903197279328,
        "improvement_count": 3,
        "total_evaluations": 6,
        "decay": 0.9,
        "epsilon": 1e-08,
        "intensity_min": 0.15,
        "intensity_max": 0.5
      },
      {
        "accumulated_signal": 0.09341131078957507,
        "best_score": 0.6122224792630013,
        "improvement_count": 3,
        "total_evaluations": 5,
        "decay": 0.9,
        "epsilon": 1e-08,
        "intensity_min": 0.15,
        "intensity_max": 0.5
      }
    ],
    "dimension_visits": [
      6,
      5
    ],
    "dimension_rewards": [
      0.8740284689405656,
      0.3677573392314327
    ],
    "decayed_visits": [
      4.68559,
      4.0951
    ],
    "global_best_score": 0.6122224792630013,
    "ucb_exploration": 1.41,
    "min_visits": 3,
    "decay": 0.9,
    "epsilon": 1e-08
  },
  "island_config_names": [
    "balanced",
    "balanced"
  ],
  "islands": [
    [
      "d7ae98e4-31db-4468-9ffb-d82da60c0be8",
      "bdd9f061-0247-47c2-8bae-eea4c35351ff",
      "191be894-af48-4ee8-998d-a81c58773046",
      "75b4695b-3ab8-44b0-abba-7ea0a357077a",
      "f5b7a898-98c2-4901-8741-c942b69ea709",
      "707c1df7-9647-4d07-801b-eb095c00a072"
    ],
    [
      "cb039404-fa36-44a8-b9a1-39bd3d3f9ec9",
      "4d67614a-9dbb-469e-9ef4-49e1ad65cfe5",
      "df287412-c659-4ef7-ade1-2773cfa8e6f5",
      "ef399952-9036-436a-93f9-5a9a08f7b9da",
      "59a6575e-7007-479a-b37f-42e85ee89a68",
      "57b21e07-e32b-425a-96fc-fe3870089217"
    ]
  ],
  "archive_genealogies": [
    {
      "parents": {
        "d7ae98e4-31db-4468-9ffb-d82da60c0be8": [],
        "bdd9f061-0247-47c2-8bae-eea4c35351ff": [
          "d7ae98e4-31db-4468-9ffb-d82da60c0be8"
        ],
        "191be894-af48-4ee8-998d-a81c58773046": [
          "bdd9f061-0247-47c2-8bae-eea4c35351ff"
        ],
        "75b4695b-3ab8-44b0-abba-7ea0a357077a": [
          "191be894-af48-4ee8-998d-a81c58773046"
        ],
        "f5b7a898-98c2-4901-8741-c942b69ea709": [
          "bdd9f061-0247-47c2-8bae-eea4c35351ff"
        ],
        "707c1df7-9647-4d07-801b-eb095c00a072": [
          "f5b7a898-98c2-4901-8741-c942b69ea709"
        ]
      },
      "children": {
        "d7ae98e4-31db-4468-9ffb-d82da60c0be8": [
          "bdd9f061-0247-47c2-8bae-eea4c35351ff"
        ],
        "bdd9f061-0247-47c2-8bae-eea4c35351ff": [
          "191be894-af48-4ee8-998d-a81c58773046",
          "f5b7a898-98c2-4901-8741-c942b69ea709"
        ],
        "191be894-af48-4ee8-998d-a81c58773046": [
          "75b4695b-3ab8-44b0-abba-7ea0a357077a"
        ],
        "f5b7a898-98c2-4901-8741-c942b69ea709": [
          "707c1df7-9647-4d07-801b-eb095c00a072"
        ]
      }
    },
    {
      "parents": {
        "cb039404-fa36-44a8-b9a1-39bd3d3f9ec9": [],
        "4d67614a-9dbb-469e-9ef4-49e1ad65cfe5": [
          "cb039404-fa36-44a8-b9a1-39bd3d3f9ec9"
        ],
        "df287412-c659-4ef7-ade1-2773cfa8e6f5": [
          "cb039404-fa36-44a8-b9a1-39bd3d3f9ec9"
        ],
        "ef399952-9036-436a-93f9-5a9a08f7b9da": [
          "4d67614a-9dbb-469e-9ef4-49e1ad65cfe5"
        ],
        "59a6575e-7007-479a-b37f-42e85ee89a68": [
          "cb039404-fa36-44a8-b9a1-39bd3d3f9ec9"
        ],
        "57b21e07-e32b-425a-96fc-fe3870089217": [
          "4d67614a-9dbb-469e-9ef4-49e1ad65cfe5"
        ]
      },
      "children": {
        "cb039404-fa36-44a8-b9a1-39bd3d3f9ec9": [
          "4d67614a-9dbb-469e-9ef4-49e1ad65cfe5",
          "df287412-c659-4ef7-ade1-2773cfa8e6f5",
          "59a6575e-7007-479a-b37f-42e85ee89a68"
        ],
        "4d67614a-9dbb-469e-9ef4-49e1ad65cfe5": [
          "ef399952-9036-436a-93f9-5a9a08f7b9da",
          "57b21e07-e32b-425a-96fc-fe3870089217"
        ]
      }
    }
  ],
  "use_dynamic_islands": true,
  "max_islands": 5,
  "last_spawn_iteration": -30,
  "use_paradigm_breakthrough": true,
  "paradigm_tracker": {
    "window_size": 10,
    "improvement_threshold": 0.12,
    "max_paradigm_uses": 2,
    "max_tried_paradigms": 10,
    "num_paradigms_to_generate": 3,
    "improvement_history": [
      1.0,
      1.0,
      0.0,
      0.0,
      0.0,
      0.0,
      0.0,
      1.0,
      0.0,
      1.0
    ],
    "active_paradigms": [],
    "paradigm_usage_counts": {},
    "current_paradigm_index": 0,
    "tried_paradigms": [],
    "best_score_at_paradigm_gen": 0.0,
    "best_score_during_paradigm": 0.0
  }
}