{
  "id": "57b21e07-e32b-425a-96fc-fe3870089217",
  "generation": 2,
  "iteration": 10,
  "current_iteration": 10,
  "metrics": {
    "validity": 1.0,
    "sum_radii": 1.6132062328580083,
    "target_ratio": 0.6122224792630013,
    "combined_score": 0.6122224792630013,
    "eval_time": 0.14844059944152832
  },
  "language": "python",
  "timestamp": 1777132221.669457,
  "saved_at": 1777132221.6744332
}