{
  "id": "51b8e636-fab7-429f-9468-307ae31a0b07",
  "generation": 0,
  "iteration": 0,
  "current_iteration": 100,
  "metrics": {
    "validity": 1.0,
    "sum_radii": 0.9597642169962064,
    "target_ratio": 0.36423689449571406,
    "combined_score": 0.36423689449571406,
    "eval_time": 0.13877415657043457
  },
  "language": "python",
  "timestamp": 1776650404.283884,
  "saved_at": 1776650419.7721384
}