{
  "id": "f8873bd1-7792-4806-aa91-18bf25d4e0cc",
  "generation": 8,
  "iteration": 80,
  "timestamp": 1777171521.1296816,
  "parent_id": "a34d11ff-6e24-415c-af94-cc011ea9ee9b",
  "metrics": {
    "validity": 1.0,
    "sum_radii": 2.6217414171196447,
    "target_ratio": 0.9949682797418007,
    "combined_score": 0.9949682797418007,
    "eval_time": 42.32948899269104,
    "test_validity": 1.0,
    "test_sum_radii": 2.6217414171196447,
    "test_target_ratio": 0.9949682797418007,
    "test_combined_score": 0.9949682797418007,
    "test_eval_time": 42.196154832839966
  },
  "language": "python",
  "saved_at": 1777180674.984583
}