{
  "num_islands": 2,
  "current_island": 1,
  "iteration_count": 29,
  "global_best_score": 0.9992543563133135,
  "decay": 0.9,
  "intensity_min": 0.15,
  "intensity_max": 0.5,
  "migration_interval": 15,
  "diversity_strategy_type": "code",
  "use_unified_archive": true,
  "use_adaptive_search": true,
  "use_ucb_selection": true,
  "fixed_intensity": 0.4,
  "adapter": {
    "states": [
      {
        "accumulated_signal": 0.11472599514068088,
        "best_score": 0.994682266813927,
        "improvement_count": 6,
        "total_evaluations": 17,
        "decay": 0.9,
        "epsilon": 1e-08,
        "intensity_min": 0.15,
        "intensity_max": 0.5
      },
      {
        "accumulated_signal": 0.10658731197777746,
        "best_score": 0.9992543563133135,
        "improvement_count": 4,
        "total_evaluations": 15,
        "decay": 0.9,
        "epsilon": 1e-08,
        "intensity_min": 0.15,
        "intensity_max": 0.5
      }
    ],
    "dimension_visits": [
      17,
      15
    ],
    "dimension_rewards": [
      0.5566029259803514,
      0.1079948700654489
    ],
    "decayed_visits": [
      8.332281830033345,
      7.94108867905351
    ],
    "global_best_score": 0.9992543563133135,
    "ucb_exploration": 1.41,
    "min_visits": 3,
    "decay": 0.9,
    "epsilon": 1e-08
  },
  "island_config_names": [
    "balanced",
    "balanced"
  ],
  "islands": [
    [
      "936bed3b-42b1-4ac3-9702-3a542d50513b",
      "cd99dd10-1084-4980-8fe4-9b3c4d1ee675",
      "a2165041-2248-4896-9dea-5aaf19be10f5",
      "60a98d13-fc3d-4086-9af9-d1e0193b5749",
      "e9ef1754-99fc-4d9b-92ed-4fea9194b763",
      "2ac95dd1-5fcc-4483-b12a-9cc4d2f96430",
      "8e5cb83b-fc88-4022-9689-b63cc4e95461",
      "8df88af7-d61b-4a55-9a3d-a6cf5c84d8c4",
      "2984bffd-3969-4090-8165-a93752f1c553",
      "e1f75d8a-37ba-4d4a-8ad8-75603cecabc4",
      "3ef31c5c-e591-430e-81ea-580922440f28",
      "47f08a24-7fc9-40a3-8b09-26ad0f9bf425",
      "5c22bee5-b1f9-4c66-9c57-d53627dc7681",
      "ab7a07c2-1cce-48cb-93fc-c5f54a6edacb",
      "378abefc-f3b9-42ff-895c-b3b50504ba12",
      "5335e9f3-7162-48e9-a4fc-80b4d819eb7e",
      "147ad50c-5fe3-4283-b255-1ee9106367fd"
    ],
    [
      "a9073925-4c06-41b1-b592-9c756c1b9daf",
      "1d42a312-5600-458c-8757-23ae35993852",
      "16e921a4-9e24-4827-8432-96972926b596",
      "c8205b6b-59e0-47d9-a423-376f5d6fed98",
      "0dc87861-feda-4bdf-901a-cec481ab6aee",
      "32191ba6-bdde-4046-b39b-27cc31159715",
      "667567af-4d30-4444-9784-6e9d7901d9b2",
      "03679b1b-f775-4fee-afa5-f3c7cf20579f",
      "ac1e376c-c54a-4bd6-b9bb-37d27a37e8bc",
      "9534c455-50a5-4948-8c51-d727d1625334",
      "f85bac9b-3605-40e1-ae10-be8404e8834a",
      "46cd19fc-5329-4ea6-9692-b384b3381e09",
      "82b7ca6d-f62f-4abd-8fa3-7d60a61cfbec",
      "9c18a14b-460e-46c4-a7a5-4adfbf1638e4",
      "c749bfc9-1bd0-400f-9dce-dfa77c9e9b7f",
      "a62b6b22-8a16-4610-a504-8f7bdb560a39",
      "81faed39-2262-4f17-ba0f-54dc32c3f761",
      "07de7b2b-9df9-4579-85b8-74c50c9f32fc",
      "c2cdf57d-347a-42c1-bcc6-b614987b91ba",
      "6aa6db13-376a-4ad0-b828-495e01fa400e"
    ]
  ],
  "archive_genealogies": [
    {
      "parents": {
        "936bed3b-42b1-4ac3-9702-3a542d50513b": [],
        "cd99dd10-1084-4980-8fe4-9b3c4d1ee675": [
          "936bed3b-42b1-4ac3-9702-3a542d50513b"
        ],
        "a2165041-2248-4896-9dea-5aaf19be10f5": [
          "cd99dd10-1084-4980-8fe4-9b3c4d1ee675"
        ],
        "60a98d13-fc3d-4086-9af9-d1e0193b5749": [
          "a2165041-2248-4896-9dea-5aaf19be10f5"
        ],
        "e9ef1754-99fc-4d9b-92ed-4fea9194b763": [
          "936bed3b-42b1-4ac3-9702-3a542d50513b"
        ],
        "2ac95dd1-5fcc-4483-b12a-9cc4d2f96430": [
          "a2165041-2248-4896-9dea-5aaf19be10f5"
        ],
        "8e5cb83b-fc88-4022-9689-b63cc4e95461": [
          "a2165041-2248-4896-9dea-5aaf19be10f5"
        ],
        "8df88af7-d61b-4a55-9a3d-a6cf5c84d8c4": [
          "8f1c9da2-986e-4834-9e8a-7d63d1f0a161"
        ],
        "2984bffd-3969-4090-8165-a93752f1c553": [
          "8df88af7-d61b-4a55-9a3d-a6cf5c84d8c4"
        ],
        "e1f75d8a-37ba-4d4a-8ad8-75603cecabc4": [
          "8f1c9da2-986e-4834-9e8a-7d63d1f0a161"
        ],
        "3ef31c5c-e591-430e-81ea-580922440f28": [
          "8df88af7-d61b-4a55-9a3d-a6cf5c84d8c4"
        ],
        "47f08a24-7fc9-40a3-8b09-26ad0f9bf425": [
          "8df88af7-d61b-4a55-9a3d-a6cf5c84d8c4"
        ],
        "5c22bee5-b1f9-4c66-9c57-d53627dc7681": [
          "8df88af7-d61b-4a55-9a3d-a6cf5c84d8c4"
        ],
        "ab7a07c2-1cce-48cb-93fc-c5f54a6edacb": [
          "5c22bee5-b1f9-4c66-9c57-d53627dc7681"
        ],
        "378abefc-f3b9-42ff-895c-b3b50504ba12": [
          "8df88af7-d61b-4a55-9a3d-a6cf5c84d8c4"
        ],
        "5335e9f3-7162-48e9-a4fc-80b4d819eb7e": [
          "a62b6b22-8a16-4610-a504-8f7bdb560a39"
        ],
        "147ad50c-5fe3-4283-b255-1ee9106367fd": [
          "c2cdf57d-347a-42c1-bcc6-b614987b91ba"
        ]
      },
      "children": {
        "936bed3b-42b1-4ac3-9702-3a542d50513b": [
          "cd99dd10-1084-4980-8fe4-9b3c4d1ee675",
          "e9ef1754-99fc-4d9b-92ed-4fea9194b763"
        ],
        "cd99dd10-1084-4980-8fe4-9b3c4d1ee675": [
          "a2165041-2248-4896-9dea-5aaf19be10f5"
        ],
        "a2165041-2248-4896-9dea-5aaf19be10f5": [
          "60a98d13-fc3d-4086-9af9-d1e0193b5749",
          "2ac95dd1-5fcc-4483-b12a-9cc4d2f96430",
          "8e5cb83b-fc88-4022-9689-b63cc4e95461"
        ],
        "8f1c9da2-986e-4834-9e8a-7d63d1f0a161": [
          "8df88af7-d61b-4a55-9a3d-a6cf5c84d8c4",
          "e1f75d8a-37ba-4d4a-8ad8-75603cecabc4"
        ],
        "8df88af7-d61b-4a55-9a3d-a6cf5c84d8c4": [
          "2984bffd-3969-4090-8165-a93752f1c553",
          "3ef31c5c-e591-430e-81ea-580922440f28",
          "47f08a24-7fc9-40a3-8b09-26ad0f9bf425",
          "5c22bee5-b1f9-4c66-9c57-d53627dc7681",
          "378abefc-f3b9-42ff-895c-b3b50504ba12"
        ],
        "5c22bee5-b1f9-4c66-9c57-d53627dc7681": [
          "ab7a07c2-1cce-48cb-93fc-c5f54a6edacb"
        ],
        "a62b6b22-8a16-4610-a504-8f7bdb560a39": [
          "5335e9f3-7162-48e9-a4fc-80b4d819eb7e"
        ],
        "c2cdf57d-347a-42c1-bcc6-b614987b91ba": [
          "147ad50c-5fe3-4283-b255-1ee9106367fd"
        ]
      }
    },
    {
      "parents": {
        "a9073925-4c06-41b1-b592-9c756c1b9daf": [],
        "1d42a312-5600-458c-8757-23ae35993852": [
          "a9073925-4c06-41b1-b592-9c756c1b9daf"
        ],
        "16e921a4-9e24-4827-8432-96972926b596": [
          "8f1c9da2-986e-4834-9e8a-7d63d1f0a161"
        ],
        "c8205b6b-59e0-47d9-a423-376f5d6fed98": [
          "8f1c9da2-986e-4834-9e8a-7d63d1f0a161"
        ],
        "0dc87861-feda-4bdf-901a-cec481ab6aee": [
          "8f1c9da2-986e-4834-9e8a-7d63d1f0a161"
        ],
        "32191ba6-bdde-4046-b39b-27cc31159715": [
          "8f1c9da2-986e-4834-9e8a-7d63d1f0a161"
        ],
        "667567af-4d30-4444-9784-6e9d7901d9b2": [
          "8df88af7-d61b-4a55-9a3d-a6cf5c84d8c4"
        ],
        "03679b1b-f775-4fee-afa5-f3c7cf20579f": [
          "8df88af7-d61b-4a55-9a3d-a6cf5c84d8c4"
        ],
        "ac1e376c-c54a-4bd6-b9bb-37d27a37e8bc": [
          "2984bffd-3969-4090-8165-a93752f1c553"
        ],
        "9534c455-50a5-4948-8c51-d727d1625334": [
          "a2165041-2248-4896-9dea-5aaf19be10f5"
        ],
        "f85bac9b-3605-40e1-ae10-be8404e8834a": [
          "e9ef1754-99fc-4d9b-92ed-4fea9194b763"
        ],
        "46cd19fc-5329-4ea6-9692-b384b3381e09": [
          "8e5cb83b-fc88-4022-9689-b63cc4e95461"
        ],
        "82b7ca6d-f62f-4abd-8fa3-7d60a61cfbec": [
          "3ef31c5c-e591-430e-81ea-580922440f28"
        ],
        "9c18a14b-460e-46c4-a7a5-4adfbf1638e4": [
          "8f1c9da2-986e-4834-9e8a-7d63d1f0a161"
        ],
        "c749bfc9-1bd0-400f-9dce-dfa77c9e9b7f": [
          "8f1c9da2-986e-4834-9e8a-7d63d1f0a161"
        ],