{
  "num_islands": 2,
  "current_island": 0,
  "iteration_count": 39,
  "global_best_score": 0.6561582858694893,
  "decay": 0.9,
  "intensity_min": 0.15,
  "intensity_max": 0.5,
  "migration_interval": 15,
  "diversity_strategy_type": "code",
  "use_unified_archive": true,
  "use_adaptive_search": true,
  "use_ucb_selection": true,
  "fixed_intensity": 0.4,
  "adapter": {
    "states": [
      {
        "accumulated_signal": 0.1171904965855356,
        "best_score": 0.650934499431575,
        "improvement_count": 4,
        "total_evaluations": 23,
        "decay": 0.9,
        "epsilon": 1e-08,
        "intensity_min": 0.15,
        "intensity_max": 0.5
      },
      {
        "accumulated_signal": 0.10547788708071207,
        "best_score": 0.6561582858694893,
        "improvement_count": 4,
        "total_evaluations": 22,
        "decay": 0.9,
        "epsilon": 1e-08,
        "intensity_min": 0.15,
        "intensity_max": 0.5
      }
    ],
    "dimension_visits": [
      23,
      22
    ],
    "dimension_rewards": [
      0.18765534940639567,
      0.06976293752829495
    ],
    "decayed_visits": [
      9.113706188034751,
      9.01522909781639
    ],
    "global_best_score": 0.6561582858694893,
    "ucb_exploration": 1.41,
    "min_visits": 3,
    "decay": 0.9,
    "epsilon": 1e-08
  },
  "island_config_names": [
    "balanced",
    "balanced"
  ],
  "islands": [
    [
      "b3585c4c-d9e4-4032-855e-14e04f8fd67e",
      "be3f83fa-fb44-4ca0-a86c-8e30ff4fd81d",
      "b06700b9-b72d-4158-aea8-84b3eeefc2d2",
      "ee8124a2-2278-42b7-82c2-174d8dabd037",
      "253ce4d0-f6df-4928-b259-e5a288cf82ef",
      "142a2f5b-0472-432e-8013-397a3e72d134",
      "847fda06-0e23-4047-bf0b-925319076062",
      "49e51043-7310-4fdf-94ec-778ed94ba825",
      "2b84bdf3-8b57-46f1-9171-bf6362208ebe",
      "97058234-8550-41b8-9541-2c7a7a5da297",
      "555f845d-b2f6-4a9b-a989-5bed79efc538",
      "bf3cfd93-5ae0-4d16-b84e-fdd87f9f3b9a",
      "8128d01f-338e-4755-ba1e-a22fd3974961",
      "5421d4ff-cf55-4f74-9589-62edf635b477",
      "2d6e4f95-81d7-4c4e-83c7-4d1dc64aef2f",
      "72bbba92-8471-47eb-a272-a6c631ea816c",
      "da103a0d-a1e8-4bf1-8fcb-9248378facfe",
      "a9fc02f9-5206-4633-b869-5c0aa3cd913d",
      "329d9dad-908f-4d85-87c0-465656825875",
      "e50b150b-9c87-435e-91c5-3cdc92e367ad"
    ],
    [
      "2357d000-cc3d-412d-9d53-9b035fb315cb",
      "51ee8e4a-7ecf-4a5d-80c2-834ab6087d69",
      "63a1831b-d5b8-4ace-b1c2-7fd89cb34756",
      "62e9219a-c83f-4113-86b7-7cf4837a74b1",
      "44e60209-0b78-4ee4-b970-bac68b00ad7b",
      "90f3c15e-4e30-4819-8b49-f42a3ed3d797",
      "3ebe9d92-f512-4f41-ae47-83aa3107a943",
      "fd603e4c-e37e-4c5b-bedd-292af2dd2d54",
      "468e9c71-7660-4a75-99e3-51cd827e0d67",
      "982e49b9-c161-48e1-9993-8fa3532b90d1",
      "26211b7a-a877-4ecb-91f4-30ffa1a0e44a",
      "eb9b25b3-02fb-479a-802f-dbc62bc19571",
      "01da036f-62fe-4909-ae80-de77ffefa30b",
      "c052000b-e6e8-4966-915f-ffd2f59515d7",
      "622a0396-ab13-4b44-9545-9662f5eccdd5",
      "1ef092bd-b89b-426a-b4f4-51f0b71c8fbd",
      "fca2f9de-e30d-4863-ab82-c0f8174985f3",
      "fc59acfb-643a-4114-8e6e-d028eaa0c6f8",
      "ee350648-2080-4d23-85fa-c9300225b8c8",
      "8eb6d9e3-a4dd-45c5-b433-5ffc77d8a9f6"
    ]
  ],
  "archive_genealogies": [
    {
      "parents": {
        "b3585c4c-d9e4-4032-855e-14e04f8fd67e": [],
        "be3f83fa-fb44-4ca0-a86c-8e30ff4fd81d": [
          "b3585c4c-d9e4-4032-855e-14e04f8fd67e"
        ],
        "b06700b9-b72d-4158-aea8-84b3eeefc2d2": [
          "be3f83fa-fb44-4ca0-a86c-8e30ff4fd81d"
        ],
        "ee8124a2-2278-42b7-82c2-174d8dabd037": [
          "be3f83fa-fb44-4ca0-a86c-8e30ff4fd81d"
        ],
        "253ce4d0-f6df-4928-b259-e5a288cf82ef": [
          "be3f83fa-fb44-4ca0-a86c-8e30ff4fd81d"
        ],
        "142a2f5b-0472-432e-8013-397a3e72d134": [
          "be3f83fa-fb44-4ca0-a86c-8e30ff4fd81d"
        ],
        "847fda06-0e23-4047-bf0b-925319076062": [
          "be3f83fa-fb44-4ca0-a86c-8e30ff4fd81d"
        ],
        "49e51043-7310-4fdf-94ec-778ed94ba825": [
          "253ce4d0-f6df-4928-b259-e5a288cf82ef"
        ],
        "2b84bdf3-8b57-46f1-9171-bf6362208ebe": [
          "51ee8e4a-7ecf-4a5d-80c2-834ab6087d69"
        ],
        "97058234-8550-41b8-9541-2c7a7a5da297": [
          "44e60209-0b78-4ee4-b970-bac68b00ad7b"
        ],
        "555f845d-b2f6-4a9b-a989-5bed79efc538": [
          "1764f506-7df6-4d06-a1eb-53fea1462615"
        ],
        "bf3cfd93-5ae0-4d16-b84e-fdd87f9f3b9a": [
          "2b84bdf3-8b57-46f1-9171-bf6362208ebe"
        ],
        "8128d01f-338e-4755-ba1e-a22fd3974961": [
          "ee8124a2-2278-42b7-82c2-174d8dabd037"
        ],
        "5421d4ff-cf55-4f74-9589-62edf635b477": [
          "49e51043-7310-4fdf-94ec-778ed94ba825"
        ],
        "2d6e4f95-81d7-4c4e-83c7-4d1dc64aef2f": [
          "bf3cfd93-5ae0-4d16-b84e-fdd87f9f3b9a"
        ],
        "72bbba92-8471-47eb-a272-a6c631ea816c": [
          "1ef092bd-b89b-426a-b4f4-51f0b71c8fbd"
        ],
        "da103a0d-a1e8-4bf1-8fcb-9248378facfe": [
          "1ffe9f6d-18d0-4097-a603-836190802765"
        ],
        "a9fc02f9-5206-4633-b869-5c0aa3cd913d": [
          "49e51043-7310-4fdf-94ec-778ed94ba825"
        ],
        "329d9dad-908f-4d85-87c0-465656825875": [
          "1ffe9f6d-18d0-4097-a603-836190802765"
        ],
        "e50b150b-9c87-435e-91c5-3cdc92e367ad": [
          "72bbba92-8471-47eb-a272-a6c631ea816c"
        ]
      },
      "children": {
        "b3585c4c-d9e4-4032-855e-14e04f8fd67e": [
          "be3f83fa-fb44-4ca0-a86c-8e30ff4fd81d"
        ],
        "be3f83fa-fb44-4ca0-a86c-8e30ff4fd81d": [
          "b06700b9-b72d-4158-aea8-84b3eeefc2d2",
          "ee8124a2-2278-42b7-82c2-174d8dabd037",
          "253ce4d0-f6df-4928-b259-e5a288cf82ef",
          "142a2f5b-0472-432e-8013-397a3e72d134",
          "847fda06-0e23-4047-bf0b-925319076062"
        ],
        "253ce4d0-f6df-4928-b259-e5a288cf82ef": [
          "49e51043-7310-4fdf-94ec-778ed94ba825"
        ],
        "51ee8e4a-7ecf-4a5d-80c2-834ab6087d69": [
          "2b84bdf3-8b57-46f1-9171-bf6362208ebe"
        ],
        "44e60209-0b78-4ee4-b970-bac68b00ad7b": [
          "97058234-8550-41b8-9541-2c7a7a5da297"
        ],
        "2b84bdf3-8b57-46f1-9171-bf6362208ebe": [
          "bf3cfd93-5ae0-4d16-b84e-fdd87f9f3b9a"
        ],
        "ee8124a2-2278-42b7-82c2-174d8dabd037": [
          "8128d01f-338e-4755-ba1e-a22fd3974961"
        ],
        "49e51043-7310-4fdf-94ec-778ed94ba825": [
          "5421d4ff-cf55-4f74-9589-62edf635b477",
          "a9fc02f9-5206-4633-b869-5c0aa3cd913d"
        ],
        "bf3cfd93-5ae0-4d16-b84e-fdd87f9f3b9a": [
          "2d6e4f95-81d7-4c4e-83c7-4d1dc64aef2f"
        ],
        "1ef092bd-b89b-426a-b4f4-51f0b71c8fbd": [
          "72bbba92-8471-47eb-a272-a6c631ea816c"
        ],
        "1ffe9f6d-18d0-4097-a603-836190802765": [
          "329d9dad-908f-4d85-87c0-465656825875"
        ],
        "72bbba92-8471-47eb-a272-a6c631ea816c": [
          "e50b150b-9c87-435e-91c5-3cdc92e367ad"
        ]
      }
    },
    {
      "parents": {
        "2357d000-cc3d-412d-9d53-9b035fb315cb": [],
        "51ee8e4a-7ecf-4a5d-80c2-834ab6087d69": [
          "2357d000-cc3d-412d-9d53-9b035fb315cb"
        ],
        "63a1831b-d5b8-4ace-b1c2-7fd89cb34756": [
          "51ee8e4a-7ecf-4a5d-80c2-834ab6087d69"
        ],
        "62e9219a-c83f-4113-86b7-7cf4837a74b1": [
          "2357d000-cc3d-412d-9d53-9b035fb315cb"
        ],
        "44e60209-0b78-4ee4-b970-bac68b00ad7b": [
          "2357d000-cc3d-412d-9d53-9b035fb315cb"
        ],
        "90f3c15e-4e30-4819-8b49-f42a3ed3d797": [
          "63a1831b-d5b8-4ace-b1c2-7fd89cb34756"
        ],
        "3ebe9d92-f512-4f41-ae47-83aa3107a943": [
          "51ee8e4a-7ecf-4a5d-80c2-834ab6087d69"
        ],
        "fd603e4c-e37e-4c5b-bedd-292af2dd2d54": [
          "63a1831b-d5b8-4ace-b1c2-7fd89cb34756"
        ],