{
  "id": "8b2b3a97-c539-4ded-bc11-a9c4785c59ce",
  "generation": 0,
  "iteration": 50,
  "current_iteration": 50,
  "metrics": {
    "validity": 1.0,
    "sum_radii": 2.5180800699844137,
    "target_ratio": 0.955628110051011,
    "combined_score": 0.955628110051011,
    "eval_time": 3.553809404373169
  },
  "language": "python",
  "timestamp": 1776973603.4927063,
  "saved_at": 1776973603.5096087
}