{
  "id": "40a0bc7b-fc71-4ee5-b28e-fd2ac2f48fdd",
  "generation": 5,
  "iteration": 65,
  "timestamp": 1775853132.1045594,
  "parent_id": "05844236-113c-4fd6-b3e5-00c95d8e7405",
  "metrics": {
    "validity": 1.0,
    "sum_radii": 2.6289329724670836,
    "target_ratio": 0.9976975227579066,
    "combined_score": 0.9976975227579066,
    "eval_time": 18.31513023376465,
    "test_validity": 1.0,
    "test_sum_radii": 2.6289329724670836,
    "test_target_ratio": 0.9976975227579066,
    "test_combined_score": 0.9976975227579066,
    "test_eval_time": 18.0516836643219
  },
  "language": "python",
  "saved_at": 1775872801.257859
}