{
  "id": "e5a2c818-cbce-425a-bcbb-7029c3a7cd92",
  "generation": 0,
  "iteration": 28,
  "current_iteration": 50,
  "metrics": {
    "validity": 1.0,
    "sum_radii": 2.604993774269398,
    "target_ratio": 0.9886124380529024,
    "combined_score": 0.9886124380529024,
    "eval_time": 5.898585796356201
  },
  "language": "python",
  "timestamp": 1777204576.8181584,
  "saved_at": 1777210375.9208443
}