{
  "id": "04852d51-a2d2-4b44-9b1e-5214be22b768",
  "generation": 3,
  "iteration": 95,
  "timestamp": 1777117799.273104,
  "parent_id": "03b9f536-76ae-4cb6-a665-6e1d05bfb761",
  "metrics": {
    "validity": 1.0,
    "sum_radii": 1.9725351342555824,
    "target_ratio": 0.7485901837782096,
    "combined_score": 0.7485901837782096,
    "eval_time": 1.0499882698059082,
    "test_validity": 1.0,
    "test_sum_radii": 1.9725351342555824,
    "test_target_ratio": 0.7485901837782096,
    "test_combined_score": 0.7485901837782096,
    "test_eval_time": 0.7942540645599365
  },
  "language": "python",
  "saved_at": 1777118029.3593147
}