{
  "num_islands": 2,
  "current_island": 0,
  "iteration_count": 19,
  "global_best_score": 0.6222765220816641,
  "decay": 0.9,
  "intensity_min": 0.15,
  "intensity_max": 0.5,
  "migration_interval": 15,
  "diversity_strategy_type": "code",
  "use_unified_archive": true,
  "use_adaptive_search": true,
  "use_ucb_selection": true,
  "fixed_intensity": 0.4,
  "adapter": {
    "states": [
      {
        "accumulated_signal": 0.09516491278500903,
        "best_score": 0.6222765220816641,
        "improvement_count": 4,
        "total_evaluations": 13,
        "decay": 0.9,
        "epsilon": 1e-08,
        "intensity_min": 0.15,
        "intensity_max": 0.5
      },
      {
        "accumulated_signal": 0.07545701937475173,
        "best_score": 0.6222765220816641,
        "improvement_count": 4,
        "total_evaluations": 12,
        "decay": 0.9,
        "epsilon": 1e-08,
        "intensity_min": 0.15,
        "intensity_max": 0.5
      }
    ],
    "dimension_visits": [
      13,
      12
    ],
    "dimension_rewards": [
      0.49045479547342136,
      0.1813106815650321
    ],
    "decayed_visits": [
      7.458134171671,
      7.175704635190001
    ],
    "global_best_score": 0.6222765220816641,
    "ucb_exploration": 1.41,
    "min_visits": 3,
    "decay": 0.9,
    "epsilon": 1e-08
  },
  "island_config_names": [
    "balanced",
    "balanced"
  ],
  "islands": [
    [
      "0f2a6c11-55ee-4f3d-80bd-5e2a46f662aa",
      "6a87b9c3-4e51-48bf-9299-48f5f1225781",
      "25af0d95-3e30-40ec-a2ae-a0295013e764",
      "660445bb-63c2-4615-8379-799ad4e9b6aa",
      "33a6c503-4432-4dd5-bf4a-66242769a4f7",
      "8ea38410-1fa8-44d6-9f77-be715ed68c46",
      "aebd25d4-e5e1-4824-b2c3-0696f8ba04f9",
      "3597c239-a871-48e3-9341-3119f3b3a49e",
      "49e2cac5-2cee-4f9a-b463-d70876fce416",
      "48d6d717-c53e-4996-8d92-603b4ec8b8ea",
      "d6a465be-6c1d-4999-8e7f-e08fca5b8efc",
      "8a721191-46b1-43f8-8a75-5a8dd67d1e60",
      "7f2dc02f-9f9a-42d6-b2db-e72a5c2b0112",
      "5ddad2ce-c226-460b-8a66-0ee5871fbd2b"
    ],
    [
      "fbbd8884-de89-4351-bc6c-73a72d01144a",
      "30be4192-5823-4c63-8d88-af52d1a14d4d",
      "16ca5978-e3db-4e91-ba20-68d97a8b5ec3",
      "0393c7b9-0840-44aa-a490-5609ed737607",
      "dbde6839-686c-4183-a8ab-b7c947991676",
      "33ec2307-101e-4961-a9c4-4430d97d56b9",
      "025bbd42-d247-423b-96f3-b589f3250930",
      "f3e08083-9a0c-4756-97ba-b5274be4957e",
      "8d8efe49-717e-4125-897b-d773f7c09594",
      "312696bb-652b-4b14-8d7d-d0f988dd7cb5",
      "c71d0e88-bd07-444f-86e7-a84274527559",
      "bf48065b-c286-4439-b94d-104de678d60d",
      "7c361eab-eee7-48b7-b7a2-0669090b9acc"
    ]
  ],
  "archive_genealogies": [
    {
      "parents": {
        "0f2a6c11-55ee-4f3d-80bd-5e2a46f662aa": [],
        "6a87b9c3-4e51-48bf-9299-48f5f1225781": [
          "0f2a6c11-55ee-4f3d-80bd-5e2a46f662aa"
        ],
        "25af0d95-3e30-40ec-a2ae-a0295013e764": [
          "6a87b9c3-4e51-48bf-9299-48f5f1225781"
        ],
        "660445bb-63c2-4615-8379-799ad4e9b6aa": [
          "25af0d95-3e30-40ec-a2ae-a0295013e764"
        ],
        "33a6c503-4432-4dd5-bf4a-66242769a4f7": [
          "660445bb-63c2-4615-8379-799ad4e9b6aa"
        ],
        "8ea38410-1fa8-44d6-9f77-be715ed68c46": [
          "0f2a6c11-55ee-4f3d-80bd-5e2a46f662aa"
        ],
        "aebd25d4-e5e1-4824-b2c3-0696f8ba04f9": [
          "660445bb-63c2-4615-8379-799ad4e9b6aa"
        ],
        "3597c239-a871-48e3-9341-3119f3b3a49e": [
          "660445bb-63c2-4615-8379-799ad4e9b6aa"
        ],
        "49e2cac5-2cee-4f9a-b463-d70876fce416": [
          "660445bb-63c2-4615-8379-799ad4e9b6aa"
        ],
        "48d6d717-c53e-4996-8d92-603b4ec8b8ea": [
          "33ec2307-101e-4961-a9c4-4430d97d56b9"
        ],
        "d6a465be-6c1d-4999-8e7f-e08fca5b8efc": [
          "660445bb-63c2-4615-8379-799ad4e9b6aa"
        ],
        "8a721191-46b1-43f8-8a75-5a8dd67d1e60": [
          "660445bb-63c2-4615-8379-799ad4e9b6aa"
        ],
        "7f2dc02f-9f9a-42d6-b2db-e72a5c2b0112": [
          "660445bb-63c2-4615-8379-799ad4e9b6aa"
        ],
        "5ddad2ce-c226-460b-8a66-0ee5871fbd2b": [
          "660445bb-63c2-4615-8379-799ad4e9b6aa"
        ]
      },
      "children": {
        "0f2a6c11-55ee-4f3d-80bd-5e2a46f662aa": [
          "6a87b9c3-4e51-48bf-9299-48f5f1225781",
          "8ea38410-1fa8-44d6-9f77-be715ed68c46"
        ],
        "6a87b9c3-4e51-48bf-9299-48f5f1225781": [
          "25af0d95-3e30-40ec-a2ae-a0295013e764"
        ],
        "25af0d95-3e30-40ec-a2ae-a0295013e764": [
          "660445bb-63c2-4615-8379-799ad4e9b6aa"
        ],
        "660445bb-63c2-4615-8379-799ad4e9b6aa": [
          "33a6c503-4432-4dd5-bf4a-66242769a4f7",
          "aebd25d4-e5e1-4824-b2c3-0696f8ba04f9",
          "3597c239-a871-48e3-9341-3119f3b3a49e",
          "49e2cac5-2cee-4f9a-b463-d70876fce416",
          "d6a465be-6c1d-4999-8e7f-e08fca5b8efc",
          "8a721191-46b1-43f8-8a75-5a8dd67d1e60",
          "7f2dc02f-9f9a-42d6-b2db-e72a5c2b0112",
          "5ddad2ce-c226-460b-8a66-0ee5871fbd2b"
        ],
        "33ec2307-101e-4961-a9c4-4430d97d56b9": [
          "48d6d717-c53e-4996-8d92-603b4ec8b8ea"
        ]
      }
    },
    {
      "parents": {
        "fbbd8884-de89-4351-bc6c-73a72d01144a": [],
        "30be4192-5823-4c63-8d88-af52d1a14d4d": [
          "fbbd8884-de89-4351-bc6c-73a72d01144a"
        ],
        "16ca5978-e3db-4e91-ba20-68d97a8b5ec3": [
          "30be4192-5823-4c63-8d88-af52d1a14d4d"
        ],
        "0393c7b9-0840-44aa-a490-5609ed737607": [
          "16ca5978-e3db-4e91-ba20-68d97a8b5ec3"
        ],
        "dbde6839-686c-4183-a8ab-b7c947991676": [
          "30be4192-5823-4c63-8d88-af52d1a14d4d"
        ],
        "33ec2307-101e-4961-a9c4-4430d97d56b9": [
          "30be4192-5823-4c63-8d88-af52d1a14d4d"
        ],
        "025bbd42-d247-423b-96f3-b589f3250930": [
          "0393c7b9-0840-44aa-a490-5609ed737607"
        ],
        "f3e08083-9a0c-4756-97ba-b5274be4957e": [
          "660445bb-63c2-4615-8379-799ad4e9b6aa"
        ],
        "8d8efe49-717e-4125-897b-d773f7c09594": [
          "660445bb-63c2-4615-8379-799ad4e9b6aa"
        ],
        "312696bb-652b-4b14-8d7d-d0f988dd7cb5": [
          "8ea38410-1fa8-44d6-9f77-be715ed68c46"
        ],
        "c71d0e88-bd07-444f-86e7-a84274527559": [
          "25af0d95-3e30-40ec-a2ae-a0295013e764"
        ],
        "bf48065b-c286-4439-b94d-104de678d60d": [
          "33a6c503-4432-4dd5-bf4a-66242769a4f7"
        ],
        "7c361eab-eee7-48b7-b7a2-0669090b9acc": [
          "660445bb-63c2-4615-8379-799ad4e9b6aa"
        ]
      },
      "children": {
        "fbbd8884-de89-4351-bc6c-73a72d01144a": [
          "30be4192-5823-4c63-8d88-af52d1a14d4d"
        ],
        "30be4192-5823-4c63-8d88-af52d1a14d4d": [
          "16ca5978-e3db-4e91-ba20-68d97a8b5ec3",
          "dbde6839-686c-4183-a8ab-b7c947991676",
          "33ec2307-101e-4961-a9c4-4430d97d56b9"
        ],
        "16ca5978-e3db-4e91-ba20-68d97a8b5ec3": [
          "0393c7b9-0840-44aa-a490-5609ed737607"
        ],
        "0393c7b9-0840-44aa-a490-5609ed737607": [
          "025bbd42-d247-423b-96f3-b589f3250930"
        ],
        "660445bb-63c2-4615-8379-799ad4e9b6aa": [
          "f3e08083-9a0c-4756-97ba-b5274be4957e",
          "8d8efe49-717e-4125-897b-d773f7c09594",
          "7c361eab-eee7-48b7-b7a2-0669090b9acc"
        ],
        "8ea38410-1fa8-44d6-9f77-be715ed68c46": [
          "312696bb-652b-4b14-8d7d-d0f988dd7cb5"
        ],
        "25af0d95-3e30-40ec-a2ae-a0295013e764": [
          "c71d0e88-bd07-444f-86e7-a84274527559"
        ],
        "33a6c503-4432-4dd5-bf4a-66242769a4f7": [
          "bf48065b-c286-4439-b94d-104de678d60d"
        ]
      }
    }
  ],
  "use_dynamic_islands": true,
  "max_islands": 5,
  "last_spawn_iteration": -30,
  "use_paradigm_breakthrough": true,
  "paradigm_tracker": {
    "window_size": 10,
    "improvement_threshold": 0.12,
    "max_paradigm_uses": 2,
    "max_tried_paradigms": 10,