{
  "id": "cf417161-5de9-48a2-bfb7-df84e90a7c4c",
  "generation": 1,
  "iteration": 1,
  "current_iteration": 10,
  "metrics": {
    "validity": 1.0,
    "sum_radii": 1.5326704654101806,
    "target_ratio": 0.581658620649025,
    "combined_score": 0.581658620649025,
    "eval_time": 0.1451416015625
  },
  "language": "python",
  "timestamp": 1776913967.72965,
  "saved_at": 1776914919.8078167
}