{
  "id": "61a24500-9660-49c7-b754-d729ae70d3ab",
  "generation": 0,
  "iteration": 4,
  "current_iteration": 10,
  "metrics": {
    "validity": 1.0,
    "sum_radii": 2.3718275992143494,
    "target_ratio": 0.900124326077552,
    "combined_score": 0.900124326077552,
    "eval_time": 0.18283605575561523
  },
  "language": "python",
  "timestamp": 1777041022.179247,
  "saved_at": 1777041827.0156846
}