{
  "num_islands": 2,
  "current_island": 0,
  "iteration_count": 19,
  "global_best_score": 0.993290902077305,
  "decay": 0.9,
  "intensity_min": 0.15,
  "intensity_max": 0.5,
  "migration_interval": 15,
  "diversity_strategy_type": "code",
  "use_unified_archive": true,
  "use_adaptive_search": true,
  "use_ucb_selection": true,
  "fixed_intensity": 0.4,
  "adapter": {
    "states": [
      {
        "accumulated_signal": 0.17180419954197515,
        "best_score": 0.993290902077305,
        "improvement_count": 3,
        "total_evaluations": 13,
        "decay": 0.9,
        "epsilon": 1e-08,
        "intensity_min": 0.15,
        "intensity_max": 0.5
      },
      {
        "accumulated_signal": 0.15476064282148502,
        "best_score": 0.993290902077305,
        "improvement_count": 3,
        "total_evaluations": 12,
        "decay": 0.9,
        "epsilon": 1e-08,
        "intensity_min": 0.15,
        "intensity_max": 0.5
      }
    ],
    "dimension_visits": [
      13,
      12
    ],
    "dimension_rewards": [
      0.6787661032624268,
      0.2888297193532744
    ],
    "decayed_visits": [
      7.458134171671,
      7.175704635190001
    ],
    "global_best_score": 0.993290902077305,
    "ucb_exploration": 1.41,
    "min_visits": 3,
    "decay": 0.9,
    "epsilon": 1e-08
  },
  "island_config_names": [
    "balanced",
    "balanced"
  ],
  "islands": [
    [
      "7f3497a5-19c6-452a-954c-2b60371a3f13",
      "cdaab075-5db4-473e-91db-f4ca244e0a0c",
      "57e551a6-204f-44ed-ad0d-5485c1d40d51",
      "482e2e88-d5ec-484f-9c9b-5cc4b5ae69d5",
      "a402199c-78f7-4a33-a5ef-e778826dac5a",
      "d29c8308-ddd2-4292-9e38-45afa4eaf1a8",
      "cba3ec33-690a-45ba-8057-1efcf50bc4ed",
      "ad0211c6-557e-4820-8472-e88fd73d7348",
      "0e65f5c6-89e1-4fd8-b66d-045d3491bacf",
      "92e876ae-9afd-463e-b47d-21f5298fb30f",
      "e91b3776-9bc7-400c-83d0-193a0a281c6c",
      "d2e35731-8c5b-4737-9f87-da4a43fe0abb",
      "7e8401da-5dde-46cd-b567-9f9e3952dbc8",
      "18da9e5e-6690-452c-89ef-dc1edc132b07"
    ],
    [
      "240e7a4f-925a-4b9d-a164-3acba103f62c",
      "9206bf10-539d-4367-92f7-538bc81c4344",
      "8a95f3cd-b543-4591-a879-c6dededb5578",
      "5c403f95-1be0-4c54-9266-1c35104e7ac9",
      "702ffc3e-f8d5-456f-bf89-3af342ad33a3",
      "7c0a4f27-fb8a-4711-ac72-371f243dbcb2",
      "e82ff134-92bf-4bf9-8f1c-5c7b7cc4cfdf",
      "7ba848ed-fa46-4ebf-8d93-3143ec882fb6",
      "d111ed2d-9e72-4031-9e4e-47eb3099fd41",
      "bc2d04e8-88bd-4cad-b574-8c69d305b1fb",
      "0d5a7c60-1c1d-4156-b9be-6ff0b04eaaf5",
      "e5906dba-807b-45f6-875b-d3c630edd461",
      "d70180e5-5f75-4b92-be68-559d14e89745"
    ]
  ],
  "archive_genealogies": [
    {
      "parents": {
        "7f3497a5-19c6-452a-954c-2b60371a3f13": [],
        "cdaab075-5db4-473e-91db-f4ca244e0a0c": [
          "7f3497a5-19c6-452a-954c-2b60371a3f13"
        ],
        "57e551a6-204f-44ed-ad0d-5485c1d40d51": [
          "7f3497a5-19c6-452a-954c-2b60371a3f13"
        ],
        "482e2e88-d5ec-484f-9c9b-5cc4b5ae69d5": [
          "57e551a6-204f-44ed-ad0d-5485c1d40d51"
        ],
        "a402199c-78f7-4a33-a5ef-e778826dac5a": [
          "57e551a6-204f-44ed-ad0d-5485c1d40d51"
        ],
        "d29c8308-ddd2-4292-9e38-45afa4eaf1a8": [
          "57e551a6-204f-44ed-ad0d-5485c1d40d51"
        ],
        "cba3ec33-690a-45ba-8057-1efcf50bc4ed": [
          "57e551a6-204f-44ed-ad0d-5485c1d40d51"
        ],
        "ad0211c6-557e-4820-8472-e88fd73d7348": [
          "cba3ec33-690a-45ba-8057-1efcf50bc4ed"
        ],
        "0e65f5c6-89e1-4fd8-b66d-045d3491bacf": [
          "cba3ec33-690a-45ba-8057-1efcf50bc4ed"
        ],
        "92e876ae-9afd-463e-b47d-21f5298fb30f": [
          "7c0a4f27-fb8a-4711-ac72-371f243dbcb2"
        ],
        "e91b3776-9bc7-400c-83d0-193a0a281c6c": [
          "cba3ec33-690a-45ba-8057-1efcf50bc4ed"
        ],
        "d2e35731-8c5b-4737-9f87-da4a43fe0abb": [
          "cba3ec33-690a-45ba-8057-1efcf50bc4ed"
        ],
        "7e8401da-5dde-46cd-b567-9f9e3952dbc8": [
          "cba3ec33-690a-45ba-8057-1efcf50bc4ed"
        ],
        "18da9e5e-6690-452c-89ef-dc1edc132b07": [
          "cba3ec33-690a-45ba-8057-1efcf50bc4ed"
        ]
      },
      "children": {
        "7f3497a5-19c6-452a-954c-2b60371a3f13": [
          "cdaab075-5db4-473e-91db-f4ca244e0a0c",
          "57e551a6-204f-44ed-ad0d-5485c1d40d51"
        ],
        "57e551a6-204f-44ed-ad0d-5485c1d40d51": [
          "482e2e88-d5ec-484f-9c9b-5cc4b5ae69d5",
          "a402199c-78f7-4a33-a5ef-e778826dac5a",
          "d29c8308-ddd2-4292-9e38-45afa4eaf1a8",
          "cba3ec33-690a-45ba-8057-1efcf50bc4ed"
        ],
        "cba3ec33-690a-45ba-8057-1efcf50bc4ed": [
          "ad0211c6-557e-4820-8472-e88fd73d7348",
          "0e65f5c6-89e1-4fd8-b66d-045d3491bacf",
          "e91b3776-9bc7-400c-83d0-193a0a281c6c",
          "d2e35731-8c5b-4737-9f87-da4a43fe0abb",
          "7e8401da-5dde-46cd-b567-9f9e3952dbc8",
          "18da9e5e-6690-452c-89ef-dc1edc132b07"
        ],
        "7c0a4f27-fb8a-4711-ac72-371f243dbcb2": [
          "92e876ae-9afd-463e-b47d-21f5298fb30f"
        ]
      }
    },
    {
      "parents": {
        "240e7a4f-925a-4b9d-a164-3acba103f62c": [],
        "9206bf10-539d-4367-92f7-538bc81c4344": [
          "240e7a4f-925a-4b9d-a164-3acba103f62c"
        ],
        "8a95f3cd-b543-4591-a879-c6dededb5578": [
          "240e7a4f-925a-4b9d-a164-3acba103f62c"
        ],
        "5c403f95-1be0-4c54-9266-1c35104e7ac9": [
          "9206bf10-539d-4367-92f7-538bc81c4344"
        ],
        "702ffc3e-f8d5-456f-bf89-3af342ad33a3": [
          "5c403f95-1be0-4c54-9266-1c35104e7ac9"
        ],
        "7c0a4f27-fb8a-4711-ac72-371f243dbcb2": [
          "240e7a4f-925a-4b9d-a164-3acba103f62c"
        ],
        "e82ff134-92bf-4bf9-8f1c-5c7b7cc4cfdf": [
          "cba3ec33-690a-45ba-8057-1efcf50bc4ed"
        ],
        "7ba848ed-fa46-4ebf-8d93-3143ec882fb6": [
          "cba3ec33-690a-45ba-8057-1efcf50bc4ed"
        ],
        "d111ed2d-9e72-4031-9e4e-47eb3099fd41": [
          "cba3ec33-690a-45ba-8057-1efcf50bc4ed"
        ],
        "bc2d04e8-88bd-4cad-b574-8c69d305b1fb": [
          "ad0211c6-557e-4820-8472-e88fd73d7348"
        ],
        "0d5a7c60-1c1d-4156-b9be-6ff0b04eaaf5": [
          "0e65f5c6-89e1-4fd8-b66d-045d3491bacf"
        ],
        "e5906dba-807b-45f6-875b-d3c630edd461": [
          "57e551a6-204f-44ed-ad0d-5485c1d40d51"
        ],
        "d70180e5-5f75-4b92-be68-559d14e89745": [
          "cba3ec33-690a-45ba-8057-1efcf50bc4ed"
        ]
      },
      "children": {
        "240e7a4f-925a-4b9d-a164-3acba103f62c": [
          "9206bf10-539d-4367-92f7-538bc81c4344",
          "8a95f3cd-b543-4591-a879-c6dededb5578",
          "7c0a4f27-fb8a-4711-ac72-371f243dbcb2"
        ],
        "9206bf10-539d-4367-92f7-538bc81c4344": [
          "5c403f95-1be0-4c54-9266-1c35104e7ac9"
        ],
        "5c403f95-1be0-4c54-9266-1c35104e7ac9": [
          "702ffc3e-f8d5-456f-bf89-3af342ad33a3"
        ],
        "cba3ec33-690a-45ba-8057-1efcf50bc4ed": [
          "e82ff134-92bf-4bf9-8f1c-5c7b7cc4cfdf",
          "7ba848ed-fa46-4ebf-8d93-3143ec882fb6",
          "d111ed2d-9e72-4031-9e4e-47eb3099fd41",
          "d70180e5-5f75-4b92-be68-559d14e89745"
        ],
        "ad0211c6-557e-4820-8472-e88fd73d7348": [
          "bc2d04e8-88bd-4cad-b574-8c69d305b1fb"
        ],
        "0e65f5c6-89e1-4fd8-b66d-045d3491bacf": [
          "0d5a7c60-1c1d-4156-b9be-6ff0b04eaaf5"
        ],
        "57e551a6-204f-44ed-ad0d-5485c1d40d51": [
          "e5906dba-807b-45f6-875b-d3c630edd461"
        ]
      }
    }
  ],
  "use_dynamic_islands": true,
  "max_islands": 5,
  "last_spawn_iteration": -30,
  "use_paradigm_breakthrough": true,
  "paradigm_tracker": {
    "window_size": 10,
    "improvement_threshold": 0.12,
    "max_paradigm_uses": 2,
    "max_tried_paradigms": 10,
    "num_paradigms_to_generate": 3,