{
  "id": "abead481-0ea4-4e91-bcdc-bd6b3419c8a9",
  "generation": 2,
  "iteration": 9,
  "current_iteration": 40,
  "metrics": {
    "validity": 1.0,
    "sum_radii": 2.2688515108185903,
    "target_ratio": 0.8610442166294461,
    "combined_score": 0.8610442166294461,
    "eval_time": 0.33228087425231934
  },
  "language": "python",
  "timestamp": 1776141616.2807672,
  "saved_at": 1776154572.3751774
}