{
  "id": "ef952092-478d-43d4-9540-da183b21a41e",
  "generation": 0,
  "iteration": 88,
  "timestamp": 1777287841.2831962,
  "parent_id": "b0e5fc10-ca33-45a9-9882-e9c118591894",
  "metrics": {
    "validity": 1.0,
    "sum_radii": 2.6090799462655165,
    "target_ratio": 0.9901631674631942,
    "combined_score": 0.9901631674631942,
    "eval_time": 207.48728156089783,
    "test_validity": 1.0,
    "test_sum_radii": 2.6090799462655165,
    "test_target_ratio": 0.9901631674631942,
    "test_combined_score": 0.9901631674631942,
    "test_eval_time": 211.471675157547
  },
  "language": "python",
  "saved_at": 1777293365.38357
}