{
  "id": "f38f11fd-6560-4150-8c63-fafc5c237f6e",
  "generation": 5,
  "iteration": 49,
  "current_iteration": 50,
  "metrics": {
    "validity": 1.0,
    "sum_radii": 2.619467364189349,
    "target_ratio": 0.9941052615519352,
    "combined_score": 0.9941052615519352,
    "eval_time": 1.2853200435638428
  },
  "language": "python",
  "timestamp": 1776976937.7794707,
  "saved_at": 1776977271.2452157
}