{
  "id": "f7879865-439e-42d9-8c73-6d1fc975ef21",
  "generation": 1,
  "iteration": 6,
  "current_iteration": 10,
  "metrics": {
    "validity": 1.0,
    "sum_radii": 1.2120505595961075,
    "target_ratio": 0.459981237038371,
    "combined_score": 0.459981237038371,
    "eval_time": 0.1696913242340088
  },
  "language": "python",
  "timestamp": 1776050631.9098825,
  "saved_at": 1776051155.9048665
}