{
  "id": "f8c032d3-6f98-4158-933a-c30a3cdea474",
  "generation": 0,
  "iteration": 48,
  "current_iteration": 50,
  "metrics": {
    "validity": 1.0,
    "sum_radii": 2.626246713444257,
    "target_ratio": 0.996678069618314,
    "combined_score": 0.996678069618314,
    "eval_time": 96.69451975822449
  },
  "language": "python",
  "timestamp": 1775586408.9161105,
  "saved_at": 1775586649.2475429
}