{
  "id": "02d2e8cf-4646-49cc-9716-77155d52f54d",
  "generation": 8,
  "iteration": 67,
  "current_iteration": 90,
  "metrics": {
    "validity": 1.0,
    "sum_radii": 2.635983084936589,
    "target_ratio": 1.0003730872624625,
    "combined_score": 1.0003730872624625,
    "eval_time": 88.46375727653503
  },
  "language": "python",
  "timestamp": 1777071238.9272316,
  "saved_at": 1777078481.2340035
}