{
  "id": "1a346e31-17f3-4308-a55f-7ed2a7777673",
  "generation": 3,
  "iteration": 37,
  "timestamp": 1777227820.2588055,
  "parent_id": "8062e6e1-86ad-4118-a3dc-c4628c5e028e",
  "metrics": {
    "validity": 1.0,
    "sum_radii": 2.6094235897618216,
    "target_ratio": 0.9902935824523044,
    "combined_score": 0.9902935824523044,
    "eval_time": 170.04479718208313,
    "test_validity": 1.0,
    "test_sum_radii": 2.6094235897618216,
    "test_target_ratio": 0.9902935824523044,
    "test_combined_score": 0.9902935824523044,
    "test_eval_time": 226.31151342391968
  },
  "language": "python",
  "saved_at": 1777248921.5411603
}