{
  "id": "317da2cb-75ac-47f1-9f75-56dc1eb2587a",
  "generation": 0,
  "iteration": 88,
  "timestamp": 1777079751.62445,
  "parent_id": "1b948bb3-b086-42c6-8c3d-013a9db3818e",
  "metrics": {
    "validity": 1.0,
    "sum_radii": 2.5254137739921676,
    "target_ratio": 0.9584112994277677,
    "combined_score": 0.9584112994277677,
    "eval_time": 140.12833976745605,
    "test_validity": 1.0,
    "test_sum_radii": 2.5254137739921676,
    "test_target_ratio": 0.9584112994277677,
    "test_combined_score": 0.9584112994277677,
    "test_eval_time": 139.94038152694702
  },
  "language": "python",
  "saved_at": 1777085843.390431
}