{
  "id": "f1b1d88d-4a1d-4fcd-9e80-b0dd972c511b",
  "generation": 0,
  "iteration": 35,
  "current_iteration": 40,
  "metrics": {
    "validity": 1.0,
    "sum_radii": 2.525050160984223,
    "target_ratio": 0.9582733058763656,
    "combined_score": 0.9582733058763656,
    "eval_time": 230.6958224773407
  },
  "language": "python",
  "timestamp": 1777052419.842377,
  "saved_at": 1777055800.951555
}