{
  "num_islands": 2,
  "current_island": 1,
  "iteration_count": 9,
  "global_best_score": 0.7672748179743445,
  "decay": 0.9,
  "intensity_min": 0.15,
  "intensity_max": 0.5,
  "migration_interval": 15,
  "diversity_strategy_type": "code",
  "use_unified_archive": true,
  "use_adaptive_search": true,
  "use_ucb_selection": true,
  "fixed_intensity": 0.4,
  "adapter": {
    "states": [
      {
        "accumulated_signal": 0.11999254018095579,
        "best_score": 0.7318797873693176,
        "improvement_count": 4,
        "total_evaluations": 6,
        "decay": 0.9,
        "epsilon": 1e-08,
        "intensity_min": 0.15,
        "intensity_max": 0.5
      },
      {
        "accumulated_signal": 0.17127076813608086,
        "best_score": 0.7672748179743445,
        "improvement_count": 2,
        "total_evaluations": 5,
        "decay": 0.9,
        "epsilon": 1e-08,
        "intensity_min": 0.15,
        "intensity_max": 0.5
      }
    ],
    "dimension_visits": [
      6,
      5
    ],
    "dimension_rewards": [
      1.221736794662709,
      0.3751008056887326
    ],
    "decayed_visits": [
      4.68559,
      4.0951
    ],
    "global_best_score": 0.7672748179743445,
    "ucb_exploration": 1.41,
    "min_visits": 3,
    "decay": 0.9,
    "epsilon": 1e-08
  },
  "island_config_names": [
    "balanced",
    "balanced"
  ],
  "islands": [
    [
      "21302089-487f-46cc-8881-6141eaf23877",
      "28dd6179-bf82-4103-aabf-a463895a155d",
      "71ea2787-f1df-4f02-97a3-805b4d18c870",
      "fc3c10cd-c135-43c6-8a63-904b44c4f516",
      "a09f95bf-a1ab-4047-b7e8-840a10051df2",
      "d2f73eb3-faa8-4417-b451-3714588b8add"
    ],
    [
      "d4d300f2-f400-4977-a9da-00e031f4a7c3",
      "eda29ebd-27bb-462d-bcee-757ccacd0a54",
      "01f14c10-c0df-40ae-a72e-7c6dc5f139dc",
      "33d6286f-c8c1-453e-9318-4abb03317435",
      "7058a120-3fd8-46bf-b15e-85173c91f4e4",
      "64f75269-3ec7-46af-9822-7aa3f461e45c"
    ]
  ],
  "archive_genealogies": [
    {
      "parents": {
        "21302089-487f-46cc-8881-6141eaf23877": [],
        "28dd6179-bf82-4103-aabf-a463895a155d": [
          "21302089-487f-46cc-8881-6141eaf23877"
        ],
        "71ea2787-f1df-4f02-97a3-805b4d18c870": [
          "28dd6179-bf82-4103-aabf-a463895a155d"
        ],
        "fc3c10cd-c135-43c6-8a63-904b44c4f516": [
          "28dd6179-bf82-4103-aabf-a463895a155d"
        ],
        "a09f95bf-a1ab-4047-b7e8-840a10051df2": [
          "28dd6179-bf82-4103-aabf-a463895a155d"
        ],
        "d2f73eb3-faa8-4417-b451-3714588b8add": [
          "a09f95bf-a1ab-4047-b7e8-840a10051df2"
        ]
      },
      "children": {
        "21302089-487f-46cc-8881-6141eaf23877": [
          "28dd6179-bf82-4103-aabf-a463895a155d"
        ],
        "28dd6179-bf82-4103-aabf-a463895a155d": [
          "71ea2787-f1df-4f02-97a3-805b4d18c870",
          "fc3c10cd-c135-43c6-8a63-904b44c4f516",
          "a09f95bf-a1ab-4047-b7e8-840a10051df2"
        ],
        "a09f95bf-a1ab-4047-b7e8-840a10051df2": [
          "d2f73eb3-faa8-4417-b451-3714588b8add"
        ]
      }
    },
    {
      "parents": {
        "d4d300f2-f400-4977-a9da-00e031f4a7c3": [],
        "eda29ebd-27bb-462d-bcee-757ccacd0a54": [
          "d4d300f2-f400-4977-a9da-00e031f4a7c3"
        ],
        "01f14c10-c0df-40ae-a72e-7c6dc5f139dc": [
          "eda29ebd-27bb-462d-bcee-757ccacd0a54"
        ],
        "33d6286f-c8c1-453e-9318-4abb03317435": [
          "eda29ebd-27bb-462d-bcee-757ccacd0a54"
        ],
        "7058a120-3fd8-46bf-b15e-85173c91f4e4": [
          "33d6286f-c8c1-453e-9318-4abb03317435"
        ],
        "64f75269-3ec7-46af-9822-7aa3f461e45c": [
          "7058a120-3fd8-46bf-b15e-85173c91f4e4"
        ]
      },
      "children": {
        "d4d300f2-f400-4977-a9da-00e031f4a7c3": [
          "eda29ebd-27bb-462d-bcee-757ccacd0a54"
        ],
        "eda29ebd-27bb-462d-bcee-757ccacd0a54": [
          "01f14c10-c0df-40ae-a72e-7c6dc5f139dc",
          "33d6286f-c8c1-453e-9318-4abb03317435"
        ],
        "33d6286f-c8c1-453e-9318-4abb03317435": [
          "7058a120-3fd8-46bf-b15e-85173c91f4e4"
        ],
        "7058a120-3fd8-46bf-b15e-85173c91f4e4": [
          "64f75269-3ec7-46af-9822-7aa3f461e45c"
        ]
      }
    }
  ],
  "use_dynamic_islands": true,
  "max_islands": 5,
  "last_spawn_iteration": -30,
  "use_paradigm_breakthrough": true,
  "paradigm_tracker": {
    "window_size": 10,
    "improvement_threshold": 0.12,
    "max_paradigm_uses": 2,
    "max_tried_paradigms": 10,
    "num_paradigms_to_generate": 3,
    "improvement_history": [
      1.0,
      1.0,
      0.0,
      0.0,
      0.0,
      0.0,
      1.0,
      1.0,
      0.0,
      0.0
    ],
    "active_paradigms": [],
    "paradigm_usage_counts": {},
    "current_paradigm_index": 0,
    "tried_paradigms": [],
    "best_score_at_paradigm_gen": 0.0,
    "best_score_during_paradigm": 0.0
  }
}