{
  "id": "7058a120-3fd8-46bf-b15e-85173c91f4e4",
  "generation": 3,
  "iteration": 8,
  "current_iteration": 10,
  "metrics": {
    "validity": 1.0,
    "sum_radii": 2.0217691453623976,
    "target_ratio": 0.7672748179743445,
    "combined_score": 0.7672748179743445,
    "eval_time": 0.5087347030639648
  },
  "language": "python",
  "timestamp": 1776855375.6951413,
  "saved_at": 1776855518.6792
}