{
  "id": "1ec778bd-e9b8-4ee7-a76a-36b4a71c26d6",
  "generation": 6,
  "iteration": 57,
  "current_iteration": 100,
  "metrics": {
    "validity": 1.0,
    "sum_radii": 2.63598308623967,
    "target_ratio": 1.0003730877569905,
    "combined_score": 1.0003730877569905,
    "eval_time": 203.10456132888794
  },
  "language": "python",
  "timestamp": 1776980575.959827,
  "saved_at": 1776999011.5583408
}