{
  "id": "3a59ec25-cdf0-4afc-b9c4-32683746fe42",
  "generation": 3,
  "iteration": 34,
  "timestamp": 1776919740.533925,
  "parent_id": "57862061-78dc-4a51-bcae-5421847bd913",
  "metrics": {
    "validity": 1.0,
    "sum_radii": 2.431827599214349,
    "target_ratio": 0.9228947245595253,
    "combined_score": 0.9228947245595253,
    "eval_time": 0.16172528266906738,
    "test_validity": 1.0,
    "test_sum_radii": 2.431827599214349,
    "test_target_ratio": 0.9228947245595253,
    "test_combined_score": 0.9228947245595253,
    "test_eval_time": 0.1317610740661621
  },
  "language": "python",
  "saved_at": 1776935793.505957
}