{
  "id": "c2cdf57d-347a-42c1-bcc6-b614987b91ba",
  "generation": 6,
  "iteration": 28,
  "current_iteration": 100,
  "metrics": {
    "validity": 1.0,
    "sum_radii": 2.6330352288855807,
    "target_ratio": 0.9992543563133135,
    "combined_score": 0.9992543563133135,
    "eval_time": 77.34770250320435
  },
  "language": "python",
  "timestamp": 1775723218.2069805,
  "saved_at": 1775769645.4719777
}