{
  "id": "40a0bc7b-fc71-4ee5-b28e-fd2ac2f48fdd",
  "generation": 5,
  "iteration": 65,
  "current_iteration": 70,
  "metrics": {
    "validity": 1.0,
    "sum_radii": 2.6289329724670836,
    "target_ratio": 0.9976975227579066,
    "combined_score": 0.9976975227579066,
    "eval_time": 18.31513023376465
  },
  "language": "python",
  "timestamp": 1775853132.1045594,
  "saved_at": 1775854964.6906693
}