{
  "id": "8d8dd08b-8751-418c-b3c1-0b4fcec4c778",
  "generation": 0,
  "iteration": 68,
  "current_iteration": 70,
  "metrics": {
    "validity": 1.0,
    "sum_radii": 2.523700602604826,
    "target_ratio": 0.9577611395084729,
    "combined_score": 0.9577611395084729,
    "eval_time": 342.00285482406616
  },
  "language": "python",
  "timestamp": 1776982801.8883255,
  "saved_at": 1776984632.3436756
}