{
  "id": "5cd7f935-1539-4ab2-838a-83696ddbb5a0",
  "generation": 0,
  "iteration": 98,
  "current_iteration": 100,
  "metrics": {
    "validity": 1.0,
    "sum_radii": 2.615160510359331,
    "target_ratio": 0.9924707819200499,
    "combined_score": 0.9924707819200499,
    "eval_time": 166.10304069519043
  },
  "language": "python",
  "timestamp": 1777234175.9360871,
  "saved_at": 1777236018.256606
}