{
  "id": "9dfdb1f0-eafe-43ce-8190-3c4f0f007d2a",
  "generation": 0,
  "iteration": 3,
  "current_iteration": 10,
  "metrics": {
    "validity": 1.0,
    "sum_radii": 1.62944294040869,
    "target_ratio": 0.6183844176124061,
    "combined_score": 0.6183844176124061,
    "eval_time": 0.15118002891540527
  },
  "language": "python",
  "timestamp": 1776410139.446084,
  "saved_at": 1776410762.1900692
}