{
  "id": "f8873bd1-7792-4806-aa91-18bf25d4e0cc",
  "generation": 8,
  "iteration": 80,
  "current_iteration": 90,
  "metrics": {
    "validity": 1.0,
    "sum_radii": 2.6217414171196447,
    "target_ratio": 0.9949682797418007,
    "combined_score": 0.9949682797418007,
    "eval_time": 42.32948899269104
  },
  "language": "python",
  "timestamp": 1777171521.1296816,
  "saved_at": 1777176956.165917
}